-- MySQL dump 10.13  Distrib 8.0.32, for Win64 (x86_64)
--
-- Host: localhost    Database: excitingamusement_spring
-- ------------------------------------------------------
-- Server version	8.0.32

/*!40101 SET @OLD_CHARACTER_SET_CLIENT=@@CHARACTER_SET_CLIENT */;
/*!40101 SET @OLD_CHARACTER_SET_RESULTS=@@CHARACTER_SET_RESULTS */;
/*!40101 SET @OLD_COLLATION_CONNECTION=@@COLLATION_CONNECTION */;
/*!50503 SET NAMES utf8mb4 */;
/*!40103 SET @OLD_TIME_ZONE=@@TIME_ZONE */;
/*!40103 SET TIME_ZONE='+00:00' */;
/*!40014 SET @OLD_UNIQUE_CHECKS=@@UNIQUE_CHECKS, UNIQUE_CHECKS=0 */;
/*!40014 SET @OLD_FOREIGN_KEY_CHECKS=@@FOREIGN_KEY_CHECKS, FOREIGN_KEY_CHECKS=0 */;
/*!40101 SET @OLD_SQL_MODE=@@SQL_MODE, SQL_MODE='NO_AUTO_VALUE_ON_ZERO' */;
/*!40111 SET @OLD_SQL_NOTES=@@SQL_NOTES, SQL_NOTES=0 */;

--
-- Table structure for table `aimage`
--

DROP TABLE IF EXISTS `aimage`;
/*!40101 SET @saved_cs_client     = @@character_set_client */;
/*!50503 SET character_set_client = utf8mb4 */;
CREATE TABLE `aimage` (
  `aimg_id` int NOT NULL AUTO_INCREMENT,
  `amuse_id` int NOT NULL,
  `url` varchar(1000) NOT NULL,
  PRIMARY KEY (`aimg_id`),
  KEY `amuse_id` (`amuse_id`),
  CONSTRAINT `aimage_ibfk_1` FOREIGN KEY (`amuse_id`) REFERENCES `amusement` (`amuse_id`)
) ENGINE=InnoDB AUTO_INCREMENT=93 DEFAULT CHARSET=utf8mb4 COLLATE=utf8mb4_0900_ai_ci;
/*!40101 SET character_set_client = @saved_cs_client */;

--
-- Dumping data for table `aimage`
--

LOCK TABLES `aimage` WRITE;
/*!40000 ALTER TABLE `aimage` DISABLE KEYS */;
INSERT INTO `aimage` VALUES (1,1,'https://www.vviptravel.com/wp-content/uploads/2019/05/lotte-world-theme-park-castle.jpg'),(2,1,'https://biz.chosun.com/resizer/w97YYolB1cBULqguUI5uXeZTo-M=/616x0/smart/cloudfront-ap-northeast-1.images.arcpublishing.com/chosunbiz/5GDFSGAPEBAT5PC6E27XXZPXF4.jpg'),(3,1,'https://a.cdn-hotels.com/gdcs/production180/d1665/53b6cc82-a6c5-4d65-a7f7-588f6c57ab64.jpg'),(4,1,'https://www.songpa.go.kr/DATA/resrce/609f99e7-5a98-44da-a59b-f403409a71e42660DB82C02G072E.jpg'),(5,1,'https://www.enewstoday.co.kr/news/photo/202203/1559517_615362_3022.jpg'),(7,4,'https://media2.tokyodisneyresort.jp/home/top/main/2023/02/mainR_01.jpg'),(8,2,'https://image.kkday.com/v2/image/get/w_960%2Cc_fit%2Cq_55%2Ct_webp/s1.kkday.com/product_101662/20230303051900_aE66i/jpg'),(9,3,'https://wimg.mk.co.kr/meet/neds/2021/05/image_readtop_2021_503638_16219300934657694.jpg'),(11,10,'https://www.yangju.go.kr/photoImageView/preview/1052350.do'),(12,6,'https://www.gyeongju.go.kr/upload/content/thumb/20191205/0C9FA6CA6CE4457598AB34E28E5D3F31.jpg'),(13,14,'https://dynamic-media-cdn.tripadvisor.com/media/photo-o/22/33/49/48/super-nintendo-world.jpg?w=1200&h=-1&s=1'),(14,17,'https://media.triple.guide/triple-cms/c_limit,f_auto,h_1024,w_1024/612e857e-c410-4f1c-aa81-45040e774231.jpeg'),(16,15,'https://img.hankyung.com/photo/201807/03.17401451.1.jpg'),(17,16,'https://t1.daumcdn.net/cfile/tistory/24231237551650E62D'),(18,18,'https://t4.daumcdn.net/thumb/R720x0.fjpg/?fname=http://t1.daumcdn.net/brunch/service/user/b6CT/image/7uH8xsdrcoHhOe7DK14o0NeOcrk.jpg'),(19,19,'https://t3.daumcdn.net/thumb/R720x0/?fname=http://t1.daumcdn.net/brunch/service/user/6P0U/image/6-_35VP0aZQc9e4RgrA4ahtxdAk'),(20,20,'https://media-cdn.tripadvisor.com/media/photo-s/0a/51/0d/c9/inside-phantasialand.jpg'),(21,1,'https://static.comeup.asia/ajaxs/05a5cf06982ba7892ed2a6d38fe832d6/RNg5xr16297747112SpkpA.png'),(22,2,'https://image.ytn.co.kr/general/jpg/2022/1020/202210201404462765_d.jpg'),(23,2,'https://www.koreajobworld.or.kr/webzine1/img/vol03/sub/sub01_02_img1.jpg'),(24,2,'https://image.newdaily.co.kr/site/data/img/2022/03/22/2022032200053_0.jpeg'),(25,2,'https://image.kkday.com/v2/image/get/w_960%2Cc_fit%2Cq_55%2Ct_webp/s1.kkday.com/product_102592/20200817071854_qjQrt/jpg'),(26,15,'https://www.kkday.com/ko/blog/wp-content/uploads/usa_la_disneyland_11.jpg'),(27,15,'https://image.theminda.com/data/goods/6000/6399/goods/19_5805c9d8055be.jpg'),(28,15,'https://img.etoday.co.kr/pto_db/2017/11/20171107035209_1148030_600_423.jpg'),(29,15,'https://images.pexels.com/photos/9561668/pexels-photo-9561668.jpeg?auto=compress&cs=tinysrgb&w=1260&h=750&dpr=1'),(30,7,'https://cdn.imweb.me/thumbnail/20200223/08392232e9c9f.png'),(31,7,'https://cdn.asiaa.co.kr/news/photo/202209/99707_112011_2949.jpg'),(32,7,'https://img.khan.co.kr/lady/2023/03/24/news-p.v1.20230323.a3fcc4cd779049b69ad45235161b3b01.jpg'),(51,6,'https://www.gyeongju.go.kr/upload/content/thumb/20200625/D2B1B07FDDAE42639D179009999E5017.jpg'),(52,6,'https://여기유.com/data/editor/2203/20220304142843_f03b96df5eea2244bd83e2fd1dab6e4c_7yh0.jpg'),(53,6,'https://mblogthumb-phinf.pstatic.net/MjAyMDEyMjlfMTgw/MDAxNjA5MjQ3NjQwNzQz.jie8J2o9iJ7uzoE8kRHAGi_vVexR-WLFEB8rS9i_G6cg.MBIvI0kPX7NuYiTrbTsg-r5-uQuWx6tUgeP7CGea66gg.JPEG.hanke/IMG_4373.JPG?type=w800'),(54,6,'https://jeollailbo.com/news/photo/202208/664290_74336_1959.jpg'),(55,6,'https://image.mycelebs.com/travel/new/ho/389645_ho_1499083863.jpg'),(56,23,'https://mblogthumb-phinf.pstatic.net/20160529_31/noir1910_1464504048786mlhzY_JPEG/BigFerrari.jpg?type=w2'),(57,23,'https://image.kkday.com/v2/image/get/w_960%2Cc_fit%2Cq_55%2Ct_webp/s1.kkday.com/product_135073/20221027094425_2h39r/jpg'),(58,23,'https://www.motorgraph.com/news/photo/201403/1988_5795_349.jpg'),(59,23,'https://youimg1.tripcdn.com/target/100q1c000001d86lk065D.jpg'),(60,23,'https://assets.newatlas.com/dims4/default/f996145/2147483647/strip/true/crop/4031x2687+373+0/resize/1200x800!/quality/90/?url=http%3A%2F%2Fnewatlas-brightspot.s3.amazonaws.com%2Farchive%2Fferrari-theme-park.jpg'),(61,23,'https://a.travel-assets.com/findyours-php/viewfinder/images/res70/63000/63556-Ferrari-World.jpg'),(62,24,'https://image.dongascience.com/Photo/2016/04/14615441372108.png'),(63,24,'https://ak-d.tripcdn.com/images/0100x1200082l4njaF22C.jpg'),(64,24,'https://oddviser.com/photo/place/1600/334.jpg'),(65,25,'https://blog.kakaocdn.net/dn/RvUIp/btqUczHn1er/CKfVCWKxaVWrDjbnHXWPxK/img.jpg'),(66,25,'https://cdn.topstarnews.net/news/photo/first/201604/img_188643_1.jpg'),(67,25,'https://blog.kakaocdn.net/dn/cBMdOk/btqT0uagDFU/skDcrIy5PcKgKKd2vMpF11/img.jpg'),(68,25,'https://kogaswebzine.com/img/vol07/sub0102_img04.jpg'),(69,25,'https://blog.kakaocdn.net/dn/7WHIq/btqT91RHS0Y/s5uiy5SOTaEAIlBeC7iKK1/img.jpg'),(70,24,'https://mblogthumb-phinf.pstatic.net/20141125_12/pzkpfw3485_1416910151042DzzHF_JPEG/dp6.jpg?type=w2'),(82,36,'https://ak-d.tripcdn.com/images/1mi4d22349zrlkiwj1DAF_W_670_10000.jpg?proc=source/trip'),(83,36,'https://ak-d.tripcdn.com/images/0101w223427jm0oapECB0.jpg?proc=source/trip');
/*!40000 ALTER TABLE `aimage` ENABLE KEYS */;
UNLOCK TABLES;

--
-- Table structure for table `amuse_review`
--

DROP TABLE IF EXISTS `amuse_review`;
/*!40101 SET @saved_cs_client     = @@character_set_client */;
/*!50503 SET character_set_client = utf8mb4 */;
CREATE TABLE `amuse_review` (
  `review_id` int NOT NULL AUTO_INCREMENT,
  `amuse_id` int unsigned NOT NULL,
  `member_id` varchar(45) NOT NULL,
  `r_content` varchar(200) NOT NULL,
  `r_grade` int DEFAULT NULL,
  `r_regidate` datetime DEFAULT CURRENT_TIMESTAMP,
  `ref` int DEFAULT '0',
  `level` int DEFAULT '0',
  `seq` int DEFAULT '0',
  PRIMARY KEY (`review_id`),
  KEY `member_id` (`member_id`),
  CONSTRAINT `amuse_review_ibfk_1` FOREIGN KEY (`member_id`) REFERENCES `member` (`member_id`)
) ENGINE=InnoDB AUTO_INCREMENT=193 DEFAULT CHARSET=utf8mb4 COLLATE=utf8mb4_0900_ai_ci;
/*!40101 SET character_set_client = @saved_cs_client */;

--
-- Dumping data for table `amuse_review`
--

LOCK TABLES `amuse_review` WRITE;
/*!40000 ALTER TABLE `amuse_review` DISABLE KEYS */;
INSERT INTO `amuse_review` VALUES (146,1,'kim1234','재밌어요',4,'2023-04-21 17:44:06',146,0,0),(148,3,'kim1234','아이들이 좋아해요',4,'2023-04-21 17:44:46',148,0,0),(149,3,'kim1234','생각보다 별로네요',4,'2023-04-21 17:45:00',149,0,0),(150,7,'kim1234','재밌어요',4,'2023-04-21 17:45:41',150,0,0),(151,6,'kim1234','또 가고 싶어요',3,'2023-04-21 17:46:09',151,0,0),(152,15,'kim1234','Good',4,'2023-04-21 17:47:07',152,0,0),(153,2,'moon111','재밌어요',4,'2023-04-25 11:05:25',153,0,0),(154,2,'moon111','좋아요',4,'2023-04-25 11:17:20',154,0,0),(160,2,'moon111','재밌어요',4,'2023-04-25 11:33:55',160,0,0),(166,6,'kim1234','재밌어요',5,'2023-04-26 17:47:33',166,0,0),(168,1,'kim1234','좋아요',2,'2023-04-26 17:58:41',168,0,0),(169,1,'hong1','감사합니다',NULL,'2023-04-27 17:41:51',168,1,1),(174,7,'kim','우왕',3,'2023-04-27 18:11:32',174,0,0),(175,24,'kim1234','재밌어요!',5,'2023-04-28 11:37:02',175,0,0),(176,24,'kim1234','신기해요!',5,'2023-04-28 11:42:25',176,0,0),(177,25,'kim1234','신기해요1',4,'2023-04-28 11:44:08',177,0,0),(178,17,'kim1234','재밌어요',5,'2023-04-28 11:44:19',178,0,0),(179,23,'kim1234','재밌어요!',5,'2023-04-28 11:44:29',179,0,0),(180,24,'moon111','무서워요!',3,'2023-04-28 11:49:31',180,0,0),(181,23,'moon111','재밌어요!',3,'2023-04-28 11:50:05',181,0,0),(182,15,'moon111','재밌어요!',5,'2023-04-28 11:50:21',182,0,0),(184,17,'moon111','또 가고 싶어요!',4,'2023-04-28 11:50:49',184,0,0),(185,19,'moon111','재밌어요!',4,'2023-04-28 12:09:33',185,0,0),(186,14,'moon111','재밌어요!!',5,'2023-04-28 12:11:22',186,0,0),(187,14,'moon111','재밌어요!',4,'2023-04-28 12:12:17',187,0,0),(188,2,'kim','재밌어요',5,'2023-05-02 10:00:38',188,0,0),(189,1,'kim','123',5,'2023-05-02 10:03:49',189,0,0),(190,2,'kim','123',4,'2023-05-02 10:43:52',190,0,0),(191,1,'kim','123',3,'2023-05-02 11:04:48',191,0,0),(192,1,'kim','재밌어요',1,'2023-05-02 16:19:46',192,0,0);
/*!40000 ALTER TABLE `amuse_review` ENABLE KEYS */;
UNLOCK TABLES;

--
-- Table structure for table `amusement`
--

DROP TABLE IF EXISTS `amusement`;
/*!40101 SET @saved_cs_client     = @@character_set_client */;
/*!50503 SET character_set_client = utf8mb4 */;
CREATE TABLE `amusement` (
  `amuse_id` int NOT NULL AUTO_INCREMENT,
  `a_name` varchar(100) NOT NULL,
  `a_country` varchar(45) NOT NULL,
  `a_time` varchar(45) DEFAULT NULL,
  `a_img` varchar(300) DEFAULT NULL,
  `a_opening` date DEFAULT NULL,
  `a_view` int DEFAULT '0',
  `a_info` varchar(500) DEFAULT NULL,
  `a_lat` double DEFAULT NULL,
  `a_lng` double DEFAULT NULL,
  `review_cnt` int DEFAULT NULL,
  `avg_grade` float DEFAULT NULL,
  `a_note` varchar(45) DEFAULT NULL,
  PRIMARY KEY (`amuse_id`)
) ENGINE=InnoDB AUTO_INCREMENT=44 DEFAULT CHARSET=utf8mb4 COLLATE=utf8mb4_0900_ai_ci;
/*!40101 SET character_set_client = @saved_cs_client */;

--
-- Dumping data for table `amusement`
--

LOCK TABLES `amusement` WRITE;
/*!40000 ALTER TABLE `amusement` DISABLE KEYS */;
INSERT INTO `amusement` VALUES (1,'롯데월드','대한민국','09:00~22:00','https://www.vviptravel.com/wp-content/uploads/2019/05/lotte-world-theme-park-castle.jpg','1989-07-12',25,'잠실 롯데월드는 대한민국 서울특별시 송파구에 위치한 대규모 놀이공원으로 1989년에 개장하여 약 40개 이상의 놀이기구와 다양한 어트랙션, 쇼, 전시 등이 있는 대형 테마파크입니다. 롯데월드 내부에는 \'마법의 언덕\', \'어드벤처\', \'키즈모프\', \'폴리스 스테이션\', \'미드나잇 프레스\' 등 5개의 구역으로 구성되어 있으며 각 구역마다 고유한 테마와 캐릭터 그리고 놀이기구와 어트랙션이 있습니다. 또한, 롯데월드 내부에는 대규모 쇼핑몰인 \'롯데몰\'과 호텔, 아쿠아리움, 아이스링크 등 다양한 시설이 있어서 가족 단위로 즐길 수 있는 장소입니다. 특히 야간에는 불빛과 불꽃놀이로 아름다운 야경을 볼 수 있어서 많은 이들이 찾는 곳입니다.',37.5112,127.0982,NULL,NULL,NULL),(2,'에버랜드','대한민국','09:00~22:00','https://www.jeonmae.co.kr/news/photo/202212/931229_622247_4555.jpg','1976-04-17',18,'용인 에버랜드는 대한민국 경기도 용인시 처인구에 위치한 대규모 놀이공원으로 1996년에 개장하여 약 40개 이상의 놀이기구와 다양한 어트랙션, 쇼, 전시 등이 있는 대형 테마파크입니다. 에버랜드 내부에는 \'미스터리\', \'매직\', \'에덴\', \'제이드 감옥\', \'코리아\' 등 5개의 구역으로 구성되어 있으며 각 구역마다 고유한 테마와 캐릭터 그리고 놀이기구와 어트랙션이 있습니다. 또한 에버랜드 내부에는 대규모 쇼핑몰인 \'에버몰\'과 호텔, 워터파크, 동물원 등 다양한 시설이 있어서 가족 단위로 즐길 수 있는 장소입니다. 특히 에버랜드 내부의 야간에는 불빛과 불꽃놀이로 아름다운 야경을 볼 수 있어서 많은 이들이 찾는 곳입니다.',37.2939,127.2026,NULL,NULL,NULL),(3,'레고랜드','대한민국','09:00~22:00','https://file.mk.co.kr/meet/neds/2022/10/image_readtop_2022_935901_16663645815205585.jpg','2022-05-05',5,'강원도 춘천시 중도동 하중도에 위치한 테마파크. 2022년 3월 26일 준공되었으며 2022년 5월 5일 어린이날[4] 정식 개장하였다.\r\n\r\n세계에서 2번째로 규모가 큰 레고랜드이자 아시아 최대 규모의 레고랜드이다. 대한민국에서 처음으로 정식 개장한 글로벌 프랜차이즈 테마파크이기도 하다.',37.8835,127.6967,NULL,NULL,NULL),(4,'디즈니랜드','일본','09:00~22:00','https://mediaim.expedia.com/destination/1/1890fbc3739d0951ad6847c1655754e5.jpg','1983-04-15',3,NULL,35.6329,139.8804,NULL,NULL,NULL),(6,'경주월드','대한민국','09:00~22:00','https://rereco.co/wp-content/uploads/2021/11/kjw_street.jpg','1985-05-01',10,'경주월드는 대한민국 경상북도 경주시에 위치한 대규모 놀이공원으로 1998년 개장하여 약 40여 개의 놀이기구와 다양한 어트랙션, 쇼, 전시 등이 있는 대형 테마파크입니다. 경주월드의 대표 놀이기구로는 \'블루파이어\', \'킹바이킹\', \'롤러코스터\', \'파이널판타지\' 등이 있습니다. 또한 경주월드 내부에는 \'물의나라\', \'테마마을\', \'어드벤처랜드\', \'키즈파크\' 등 다양한 구역과 어트랙션이 있어서 모든 연령대가 즐길 수 있는 장소입니다.',35.8379,129.282,NULL,NULL,NULL),(7,'서울랜드','대한민국','09:00~22:00','https://image.kkday.com/v2/image/get/w_960%2Cc_fit%2Cq_55%2Ct_webp/s1.kkday.com/product_113822/20230227081535_5gnYW/jpg','1988-05-11',11,NULL,37.4342,127.0201,NULL,NULL,NULL),(8,'서울어린이대공원','대한민국','09:00~22:00',NULL,'1973-05-05',0,NULL,37.5494,127.0818,NULL,NULL,NULL),(9,'키자니아(서울)','대한민국','09:00~22:00',NULL,'2016-04-08',4,NULL,37.5109,127.0965,NULL,NULL,NULL),(10,'두리랜드','대한민국','09:00~22:00','https://m.segye.com/content/image/2018/08/24/20180824776645.jpg','1990-05-01',4,NULL,37.7247,126.9504,NULL,NULL,NULL),(11,'평화랜드','대한민국','09:00~22:00',NULL,'2001-05-01',0,NULL,37.8901,126.742,NULL,NULL,NULL),(12,'한국민속촌','대한민국','09:00~22:00',NULL,'1974-10-03',0,NULL,37.2584,127.117,NULL,NULL,NULL),(13,'하니랜드','대한민국','09:00~22:00',NULL,NULL,0,NULL,37.7504,126.8362,NULL,NULL,NULL),(14,'유니버셜스튜디오','일본','10:00~19:00','https://dynamic-media-cdn.tripadvisor.com/media/photo-o/22/33/49/48/super-nintendo-world.jpg?w=1200&h=-1&s=1',NULL,2,NULL,34.6654,135.4323,NULL,NULL,NULL),(15,'디즈니랜드','미국','10:00~22:00','https://img.hankyung.com/photo/201807/03.17401451.1.jpg',NULL,3,NULL,33.8121,-117.919,NULL,NULL,NULL),(16,'유니버셜스튜디오','미국','10:00~22:00','https://t1.daumcdn.net/cfile/tistory/24231237551650E62D',NULL,2,NULL,34.1381,-118.3534,NULL,NULL,NULL),(17,'식스플래그 매직 마운틴','미국','10:00~22:00','https://media.triple.guide/triple-cms/c_limit,f_auto,h_1024,w_1024/612e857e-c410-4f1c-aa81-45040e774231.jpeg',NULL,6,'식스 플래그 매직 마운틴은 캘리포니아 발렌시아에 위치한 테마파크입니다. 255피트(78m)의 낙하구간에서 가속하여 85마일(137km/h)의 속도에 도달하는 goliath와 세계에서 가장 높고 빠른 플라잉 롤러코스터이며 거대한 프레첼 루프를 가지고있는 Tatsu 외에도 X2, Twisted Colossus 등 19개의  롤러코스터가있어 세계에서 가장 많은 롤러코스터를 보유하고있는 놀이공원입니다. 공원에는 11개 테마의 구역이 있으며 각각 고유한 놀이기구, 관광명소, 라이브쇼, 이벤트, 레스토랑과 다이닝, 숍이 있습니다.',34.4253,-118.5972,NULL,NULL,'이색'),(18,'부시 가든','미국','10:00~22:00','https://t4.daumcdn.net/thumb/R720x0.fjpg/?fname=http://t1.daumcdn.net/brunch/service/user/b6CT/image/7uH8xsdrcoHhOe7DK14o0NeOcrk.jpg',NULL,4,NULL,38.9418,-77.0733,NULL,NULL,NULL),(19,'유로파파크','독일','10:00~22:00','https://t3.daumcdn.net/thumb/R720x0/?fname=http://t1.daumcdn.net/brunch/service/user/6P0U/image/6-_35VP0aZQc9e4RgrA4ahtxdAk',NULL,3,NULL,48.266,7.722,NULL,NULL,'이색'),(20,'판타지아랜드','독일','10:00~22:00','https://media-cdn.tripadvisor.com/media/photo-s/0a/51/0d/c9/inside-phantasialand.jpg',NULL,1,NULL,50.8015,6.8766,NULL,NULL,NULL),(21,'해리포터스튜디오','영국','10:00~22:00','https://d3b39vpyptsv01.cloudfront.net/photo/1/2/262fb539ee15fc8426c732f20034686d.jpg',NULL,0,NULL,51.6901,-0.418,NULL,NULL,NULL),(22,'에코랜드','대한민국','09:00~22:00',NULL,'2002-07-01',6,NULL,33.4555,126.6682,NULL,NULL,NULL),(23,'페라리 월드','아랍에미리트','09:00~22:00','https://mblogthumb-phinf.pstatic.net/20160529_31/noir1910_1464504048786mlhzY_JPEG/BigFerrari.jpg?type=w2',NULL,9,'축구장 7개 크기와 맞먹는 가장 거대한 입체 공간인 페라리 월드에서 전연령대의 가족이 즐길 수 있는 다양한 놀이기구와 어트랙션을 경험해보세요. 흥미진진한 레이싱 코스에서 F1 차량을 운전해보실 수 있는 유일무이한 페라리 테마 파크를 탐험하실 수 있어요. 페라리 월드에서 마라넬로의 공장에서 이뤄지는 페라리의 혁신과 깊이 있는 공장 투어를 직접 경험하고 페라리 GT카가 어떻게 만들어지는지 살펴보시는 건 어떨까요? 동작 기반 시뮬레이터에 탑승해서 F1의 스릴을 느끼시거나 속도감 있게 펼쳐지는 체험형 게임 공연을 즐기실 수 있습니다. 꼭 F1 레이싱의 팬이 아니더라도 아부다비의 페라리 월드에서 흥미진진한 시간을 보내보세요!',24.4837,54.607,NULL,NULL,'이색'),(24,'크로코사우러스 코브','호주','09:00~18:00','https://d2ur7st6jjikze.cloudfront.net/offer_photos/77614/475730_large_1582553775.jpg?1582553775',NULL,11,'호주 최대 규모의 악어 테마파크 크로코사우르스 코브! 호주의 파충류들과 바다 악어로 가득한 테마파크로 가족과 함께 여러 액티비티를 즐기기에 안성맞춤인 곳입니다. 파충류 하우스에서 70종의 파충류를 구경하고, 터틀 호수에서 귀여운 거북이들을 만나보세요. 노랑가오리의 민물 버전인 색가오리와 20만 리터 규모의 아쿠아리움에 사는 바라문디를 감상해요. 악어가 먹이를 먹는 모습을 가까이서 볼 수 있는 악어쇼도 놓치지 마세요. 더욱 생생한 경험을 해보고 싶으시다면 새끼 악어들과 함께 수영할 수 있는 특수 풀에 들어가거나 Fishing for Crocs에 참여해 직접 먹이를 주세요. 크로코사우르스 코브는 케이지 오브 데스로도 유명합니다. 5미터 거리에서 악어를 관찰할 수 있는 짜릿한 기회! 신나고 유익한 파충류 쇼를 즐기며 잊지못할 추억을 만들어보세요.',-12.4623,130.8392,NULL,NULL,'이색'),(25,'살리나 투르다','루마니아','09:00~22:00','https://blog.kakaocdn.net/dn/RvUIp/btqUczHn1er/CKfVCWKxaVWrDjbnHXWPxK/img.jpg',NULL,9,'중세 시대부터 소금 광산으로 쓰이다 버려진 지하 120m의 살리나 투르다는 어느 전설에 흡혈귀의 고향으로도 나오던 루마니아에서도 특히 지하에 있는 박물관이다. 무시무시한 괴담의 고향답게 이 박물관은 엘리베이터를 타고 땅 속으로 들어가야 하는 입장부터가 모험이다. 하지만 무서워만할 필요는 없다. 이곳은 박물관 외에도 대관람차, 공연장, 문화시설, 놀이기구 등 다양한 시설을 갖추고 있기 때문에 어지간한 테마파크 규모를 자랑한다. 땅 속에 박물관이 존재할 수 있다는 것만으로도 놀라운 일이지만, 버려진 공간을 새롭게 보는 아이디어도 눈여겨 볼만하다.',46.5877,23.7873,NULL,NULL,'이색'),(36,'뛸르리','프랑스','09:00~23:00','https://ak-d.tripcdn.com/images/1mi4d22349zrlkiwj1DAF_W_670_10000.jpg?proc=source/trip','1789-01-01',7,'파리 여행 중 들른 뛸르히 가든. 정말 꿈같이 나른하고 편한 시간 보내다 온 공원입니다. 사실 파리에서 유명하고 대표적인 관광지라 별 기대 없이 의무적으로 들른 곳이었는데요. 정말 영화같이 예쁜 풍경들과 그것을 즐기며 여유있는 파리 사람들의 분위기에 취해 제대로 파리를 느끼고 온 장소입니다. 뛸르히 가든 강추해요!',48.864593,2.327237,NULL,NULL,NULL);
/*!40000 ALTER TABLE `amusement` ENABLE KEYS */;
UNLOCK TABLES;

--
-- Table structure for table `announcement`
--

DROP TABLE IF EXISTS `announcement`;
/*!40101 SET @saved_cs_client     = @@character_set_client */;
/*!50503 SET character_set_client = utf8mb4 */;
CREATE TABLE `announcement` (
  `announcement_num` int NOT NULL AUTO_INCREMENT,
  `c_type` varchar(20) NOT NULL,
  `c_title` text NOT NULL,
  `c_content` text NOT NULL,
  `postdate` datetime NOT NULL DEFAULT CURRENT_TIMESTAMP,
  PRIMARY KEY (`announcement_num`)
) ENGINE=InnoDB AUTO_INCREMENT=10 DEFAULT CHARSET=utf8mb4 COLLATE=utf8mb4_0900_ai_ci;
/*!40101 SET character_set_client = @saved_cs_client */;

--
-- Dumping data for table `announcement`
--

LOCK TABLES `announcement` WRITE;
/*!40000 ALTER TABLE `announcement` DISABLE KEYS */;
INSERT INTO `announcement` VALUES (7,'공지','롯데월드',' ','2023-04-26 17:05:09'),(8,'공지','에버랜드',' ','2023-04-27 11:53:37'),(9,'공지','sadsadas','&amp;nbsp;','2023-05-02 16:39:56');
/*!40000 ALTER TABLE `announcement` ENABLE KEYS */;
UNLOCK TABLES;

--
-- Table structure for table `board`
--

DROP TABLE IF EXISTS `board`;
/*!40101 SET @saved_cs_client     = @@character_set_client */;
/*!50503 SET character_set_client = utf8mb4 */;
CREATE TABLE `board` (
  `board_id` int NOT NULL AUTO_INCREMENT,
  `b_title` varchar(45) NOT NULL,
  `b_content` text NOT NULL,
  `postdate` datetime DEFAULT CURRENT_TIMESTAMP,
  `visitcount` int DEFAULT '0',
  `b_type` varchar(45) DEFAULT NULL,
  `level` int DEFAULT '0',
  `member_id` varchar(45) NOT NULL,
  `favorite` int DEFAULT '0',
  `hate` int DEFAULT '0',
  PRIMARY KEY (`board_id`),
  KEY `member_id` (`member_id`),
  CONSTRAINT `board_ibfk_1` FOREIGN KEY (`member_id`) REFERENCES `member` (`member_id`)
) ENGINE=InnoDB AUTO_INCREMENT=1513 DEFAULT CHARSET=utf8mb4 COLLATE=utf8mb4_0900_ai_ci;
/*!40101 SET character_set_client = @saved_cs_client */;

--
-- Dumping data for table `board`
--

LOCK TABLES `board` WRITE;
/*!40000 ALTER TABLE `board` DISABLE KEYS */;
INSERT INTO `board` VALUES (2,'나는 국내','<p>나는 국내</p><p><strong>나는 국내</strong></p><p><i><strong>나는 국내</strong></i></p>','2023-04-26 09:38:14',77,'국내',0,'hong1',1,0),(6,'나는 해외','<p>나는 해외</p><p><strong>나는 해외</strong></p><ol><li><i><strong>나는 해외</strong></i></li></ol>','2023-04-27 09:49:26',0,'해외',0,'hong1',0,0),(7,'나는 질문','<p>나는 질문</p>','2023-04-27 09:49:36',1,'질문',0,'hong1',0,0),(8,'나는 자유','<p>나는 자유</p>','2023-04-27 09:50:02',0,'자유',0,'hong1',0,0),(9,'나는 국내','<p>나는 국내</p>','2023-04-27 09:55:13',0,'국내',0,'moon111',0,0),(10,'나는 해외','<p>나는 해외</p>','2023-04-27 09:55:21',0,'해외',0,'moon111',0,0),(11,'나는 질문','<p>나는 질문</p>','2023-04-27 09:55:28',0,'질문',0,'moon111',0,0),(12,'나는 자유','<p>나는 자유</p>','2023-04-27 09:55:37',1,'자유',0,'moon111',0,0),(13,'대충 긴글','<p>대충 긴글대충 긴글대충 긴글대충 긴글대충 긴글대충 긴글대충 긴글대충 긴글대충 긴글대충 긴글대충 긴글대충 긴글대충 긴글대충 긴글대충 긴글대충 긴글대충 긴글대충 긴글대충 긴글대충 긴글대충 긴글대충 긴글대충 긴글대충 긴글대충 긴글대충 긴글대충 긴글대충 긴글대충 긴글대충 긴글대충 긴글대충 긴글대충 긴글대충 긴글대충 긴글대충 긴글대충 긴글대충 긴글대충 긴글대충 긴글대충 긴글대충 긴글대충 긴글대충 긴글대충 긴글대충 긴글대충 긴글대충 긴글대충 긴글대충 긴글대충 긴글대충 긴글대충 긴글대충 긴글대충 긴글대충 긴글대충 긴글대충 긴글대충 긴글대충 긴글대충 긴글대충 긴글대충 긴글대충 긴글대충 긴글대충 긴글대충 긴글대충 긴글대충 긴글대충 긴글대충 긴글대충 긴글대충 긴글대충 긴글대충 긴글대충 긴글대충 긴글대충 긴글대충 긴글대충 긴글대충 긴글대충 긴글대충 긴글대충 긴글대충 긴글대충 긴글대충 긴글대충 긴글대충 긴글대충 긴글대충 긴글대충 긴글대충 긴글대충 긴글대충 긴글대충 긴글대충 긴글대충 긴글대충 긴글대충 긴글대충 긴글대충 긴글대충 긴글대충 긴글대충 긴글대충 긴글대충 긴글대충 긴글대충 긴글대충 긴글대충 긴글대충 긴글대충 긴글대충 긴글대충 긴글대충 긴글대충 긴글대충 긴글대충 긴글대충 긴글대충 긴글대충 긴글대충 긴글대충 긴글대충 긴글대충 긴글대충 긴글대충 긴글대충 긴글대충 긴글대충 긴글대충 긴글대충 긴글대충 긴글대충 긴글대충 긴글대충 긴글대충 긴글대충 긴글대충 긴글대충 긴글대충 긴글대충 긴글대충 긴글대충 긴글대충 긴글대충 긴글대충 긴글대충 긴글대충 긴글대충 긴글대충 긴글대충 긴글대충 긴글대충 긴글대충 긴글대충 긴글대충 긴글대충 긴글대충 긴글대충 긴글대충 긴글대충 긴글대충 긴글대충 긴글대충 긴글대충 긴글대충 긴글대충 긴글대충 긴글대충 긴글대충 긴글대충 긴글대충 긴글대충 긴글대충 긴글대충 긴글대충 긴글대충 긴글대충 긴글대충 긴글대충 긴글대충 긴글대충 긴글대충 긴글대충 긴글대충 긴글대충 긴글대충 긴글대충 긴글대충 긴글대충 긴글대충 긴글대충 긴글대충 긴글대충 긴글대충 긴글대충 긴글대충 긴글대충 긴글대충 긴글대충 긴글대충 긴글대충 긴글대충 긴글대충 긴글대충 긴글대충 긴글대충 긴글대충 긴글대충 긴글대충 긴글대충 긴글대충 긴글대충 긴글대충 긴글대충 긴글대충 긴글대충 긴글대충 긴글대충 긴글대충 긴글대충 긴글대충 긴글대충 긴글대충 긴글대충 긴글대충 긴글대충 긴글대충 긴글대충 긴글대충 긴글대충 긴글대충 긴글대충 긴글대충 긴글대충 긴글대충 긴글대충 긴글대충 긴글대충 긴글대충 긴글대충 긴글대충 긴글대충 긴글대충 긴글대충 긴글대충 긴글대충 긴글대충 긴글대충 긴글대충 긴글대충 긴글대충 긴글대충 긴글대충 긴글대충 긴글대충 긴글대충 긴글대충 긴글대충 긴글대충 긴글대충 긴글대충 긴글대충 긴글대충 긴글대충 긴글대충 긴글대충 긴글대충 긴글대충 긴글</p>','2023-04-27 09:56:17',6,'국내',0,'moon111',0,0),(1016,'나는 국내','<p>나는 국내</p><p><strong>나는 국내</strong></p><p><i><strong>나는 국내</strong></i></p>','2023-04-27 10:04:39',0,'국내',0,'hong1',0,0),(1017,'나는 해외','<p>나는 해외</p><p><strong>나는 해외</strong></p><ol><li><i><strong>나는 해외</strong></i></li></ol>','2023-04-27 10:04:39',0,'해외',0,'hong1',0,0),(1018,'나는 질문','<p>나는 질문</p>','2023-04-27 10:04:39',0,'질문',0,'hong1',0,0),(1019,'나는 자유','<p>나는 자유</p>','2023-04-27 10:04:39',0,'자유',0,'hong1',0,0),(1020,'나는 국내','<p>나는 국내</p>','2023-04-27 10:04:39',0,'국내',0,'moon111',0,0),(1021,'나는 해외','<p>나는 해외</p>','2023-04-27 10:04:39',0,'해외',0,'moon111',0,0),(1022,'나는 질문','<p>나는 질문</p>','2023-04-27 10:04:39',0,'질문',0,'moon111',0,0),(1023,'나는 자유','<p>나는 자유</p>','2023-04-27 10:04:39',0,'자유',0,'moon111',0,0),(1024,'대충 긴글','<p>대충 긴글대충 긴글대충 긴글대충 긴글대충 긴글대충 긴글대충 긴글대충 긴글대충 긴글대충 긴글대충 긴글대충 긴글대충 긴글대충 긴글대충 긴글대충 긴글대충 긴글대충 긴글대충 긴글대충 긴글대충 긴글대충 긴글대충 긴글대충 긴글대충 긴글대충 긴글대충 긴글대충 긴글대충 긴글대충 긴글대충 긴글대충 긴글대충 긴글대충 긴글대충 긴글대충 긴글대충 긴글대충 긴글대충 긴글대충 긴글대충 긴글대충 긴글대충 긴글대충 긴글대충 긴글대충 긴글대충 긴글대충 긴글대충 긴글대충 긴글대충 긴글대충 긴글대충 긴글대충 긴글대충 긴글대충 긴글대충 긴글대충 긴글대충 긴글대충 긴글대충 긴글대충 긴글대충 긴글대충 긴글대충 긴글대충 긴글대충 긴글대충 긴글대충 긴글대충 긴글대충 긴글대충 긴글대충 긴글대충 긴글대충 긴글대충 긴글대충 긴글대충 긴글대충 긴글대충 긴글대충 긴글대충 긴글대충 긴글대충 긴글대충 긴글대충 긴글대충 긴글대충 긴글대충 긴글대충 긴글대충 긴글대충 긴글대충 긴글대충 긴글대충 긴글대충 긴글대충 긴글대충 긴글대충 긴글대충 긴글대충 긴글대충 긴글대충 긴글대충 긴글대충 긴글대충 긴글대충 긴글대충 긴글대충 긴글대충 긴글대충 긴글대충 긴글대충 긴글대충 긴글대충 긴글대충 긴글대충 긴글대충 긴글대충 긴글대충 긴글대충 긴글대충 긴글대충 긴글대충 긴글대충 긴글대충 긴글대충 긴글대충 긴글대충 긴글대충 긴글대충 긴글대충 긴글대충 긴글대충 긴글대충 긴글대충 긴글대충 긴글대충 긴글대충 긴글대충 긴글대충 긴글대충 긴글대충 긴글대충 긴글대충 긴글대충 긴글대충 긴글대충 긴글대충 긴글대충 긴글대충 긴글대충 긴글대충 긴글대충 긴글대충 긴글대충 긴글대충 긴글대충 긴글대충 긴글대충 긴글대충 긴글대충 긴글대충 긴글대충 긴글대충 긴글대충 긴글대충 긴글대충 긴글대충 긴글대충 긴글대충 긴글대충 긴글대충 긴글대충 긴글대충 긴글대충 긴글대충 긴글대충 긴글대충 긴글대충 긴글대충 긴글대충 긴글대충 긴글대충 긴글대충 긴글대충 긴글대충 긴글대충 긴글대충 긴글대충 긴글대충 긴글대충 긴글대충 긴글대충 긴글대충 긴글대충 긴글대충 긴글대충 긴글대충 긴글대충 긴글대충 긴글대충 긴글대충 긴글대충 긴글대충 긴글대충 긴글대충 긴글대충 긴글대충 긴글대충 긴글대충 긴글대충 긴글대충 긴글대충 긴글대충 긴글대충 긴글대충 긴글대충 긴글대충 긴글대충 긴글대충 긴글대충 긴글대충 긴글대충 긴글대충 긴글대충 긴글대충 긴글대충 긴글대충 긴글대충 긴글대충 긴글대충 긴글대충 긴글대충 긴글대충 긴글대충 긴글대충 긴글대충 긴글대충 긴글대충 긴글대충 긴글대충 긴글대충 긴글대충 긴글대충 긴글대충 긴글대충 긴글대충 긴글대충 긴글대충 긴글대충 긴글대충 긴글대충 긴글대충 긴글대충 긴글대충 긴글대충 긴글대충 긴글대충 긴글대충 긴글대충 긴글대충 긴글대충 긴글대충 긴글대충 긴글대충 긴글대충 긴글대충 긴글대충 긴글대충 긴글대충 긴글</p>','2023-04-27 10:04:39',0,'국내',0,'moon111',0,0),(1031,'나는 국내','<p>나는 국내</p><p><strong>나는 국내</strong></p><p><i><strong>나는 국내</strong></i></p>','2023-04-27 10:04:46',0,'국내',0,'hong1',0,0),(1032,'나는 해외','<p>나는 해외</p><p><strong>나는 해외</strong></p><ol><li><i><strong>나는 해외</strong></i></li></ol>','2023-04-27 10:04:46',0,'해외',0,'hong1',0,0),(1033,'나는 질문','<p>나는 질문</p>','2023-04-27 10:04:46',0,'질문',0,'hong1',0,0),(1034,'나는 자유','<p>나는 자유</p>','2023-04-27 10:04:46',0,'자유',0,'hong1',0,0),(1035,'나는 국내','<p>나는 국내</p>','2023-04-27 10:04:46',0,'국내',0,'moon111',0,0),(1036,'나는 해외','<p>나는 해외</p>','2023-04-27 10:04:46',0,'해외',0,'moon111',0,0),(1037,'나는 질문','<p>나는 질문</p>','2023-04-27 10:04:46',0,'질문',0,'moon111',0,0),(1038,'나는 자유','<p>나는 자유</p>','2023-04-27 10:04:46',0,'자유',0,'moon111',0,0),(1039,'대충 긴글','<p>대충 긴글대충 긴글대충 긴글대충 긴글대충 긴글대충 긴글대충 긴글대충 긴글대충 긴글대충 긴글대충 긴글대충 긴글대충 긴글대충 긴글대충 긴글대충 긴글대충 긴글대충 긴글대충 긴글대충 긴글대충 긴글대충 긴글대충 긴글대충 긴글대충 긴글대충 긴글대충 긴글대충 긴글대충 긴글대충 긴글대충 긴글대충 긴글대충 긴글대충 긴글대충 긴글대충 긴글대충 긴글대충 긴글대충 긴글대충 긴글대충 긴글대충 긴글대충 긴글대충 긴글대충 긴글대충 긴글대충 긴글대충 긴글대충 긴글대충 긴글대충 긴글대충 긴글대충 긴글대충 긴글대충 긴글대충 긴글대충 긴글대충 긴글대충 긴글대충 긴글대충 긴글대충 긴글대충 긴글대충 긴글대충 긴글대충 긴글대충 긴글대충 긴글대충 긴글대충 긴글대충 긴글대충 긴글대충 긴글대충 긴글대충 긴글대충 긴글대충 긴글대충 긴글대충 긴글대충 긴글대충 긴글대충 긴글대충 긴글대충 긴글대충 긴글대충 긴글대충 긴글대충 긴글대충 긴글대충 긴글대충 긴글대충 긴글대충 긴글대충 긴글대충 긴글대충 긴글대충 긴글대충 긴글대충 긴글대충 긴글대충 긴글대충 긴글대충 긴글대충 긴글대충 긴글대충 긴글대충 긴글대충 긴글대충 긴글대충 긴글대충 긴글대충 긴글대충 긴글대충 긴글대충 긴글대충 긴글대충 긴글대충 긴글대충 긴글대충 긴글대충 긴글대충 긴글대충 긴글대충 긴글대충 긴글대충 긴글대충 긴글대충 긴글대충 긴글대충 긴글대충 긴글대충 긴글대충 긴글대충 긴글대충 긴글대충 긴글대충 긴글대충 긴글대충 긴글대충 긴글대충 긴글대충 긴글대충 긴글대충 긴글대충 긴글대충 긴글대충 긴글대충 긴글대충 긴글대충 긴글대충 긴글대충 긴글대충 긴글대충 긴글대충 긴글대충 긴글대충 긴글대충 긴글대충 긴글대충 긴글대충 긴글대충 긴글대충 긴글대충 긴글대충 긴글대충 긴글대충 긴글대충 긴글대충 긴글대충 긴글대충 긴글대충 긴글대충 긴글대충 긴글대충 긴글대충 긴글대충 긴글대충 긴글대충 긴글대충 긴글대충 긴글대충 긴글대충 긴글대충 긴글대충 긴글대충 긴글대충 긴글대충 긴글대충 긴글대충 긴글대충 긴글대충 긴글대충 긴글대충 긴글대충 긴글대충 긴글대충 긴글대충 긴글대충 긴글대충 긴글대충 긴글대충 긴글대충 긴글대충 긴글대충 긴글대충 긴글대충 긴글대충 긴글대충 긴글대충 긴글대충 긴글대충 긴글대충 긴글대충 긴글대충 긴글대충 긴글대충 긴글대충 긴글대충 긴글대충 긴글대충 긴글대충 긴글대충 긴글대충 긴글대충 긴글대충 긴글대충 긴글대충 긴글대충 긴글대충 긴글대충 긴글대충 긴글대충 긴글대충 긴글대충 긴글대충 긴글대충 긴글대충 긴글대충 긴글대충 긴글대충 긴글대충 긴글대충 긴글대충 긴글대충 긴글대충 긴글대충 긴글대충 긴글대충 긴글대충 긴글대충 긴글대충 긴글대충 긴글대충 긴글대충 긴글대충 긴글대충 긴글대충 긴글대충 긴글대충 긴글대충 긴글대충 긴글대충 긴글대충 긴글대충 긴글대충 긴글대충 긴글대충 긴글대충 긴글대충 긴글대충 긴글</p>','2023-04-27 10:04:46',0,'국내',0,'moon111',0,0),(1040,'나는 국내','<p>나는 국내</p><p><strong>나는 국내</strong></p><p><i><strong>나는 국내</strong></i></p>','2023-04-27 10:04:46',0,'국내',0,'hong1',0,0),(1041,'나는 해외','<p>나는 해외</p><p><strong>나는 해외</strong></p><ol><li><i><strong>나는 해외</strong></i></li></ol>','2023-04-27 10:04:46',0,'해외',0,'hong1',0,0),(1042,'나는 질문','<p>나는 질문</p>','2023-04-27 10:04:46',0,'질문',0,'hong1',0,0),(1043,'나는 자유','<p>나는 자유</p>','2023-04-27 10:04:46',0,'자유',0,'hong1',0,0),(1044,'나는 국내','<p>나는 국내</p>','2023-04-27 10:04:46',0,'국내',0,'moon111',0,0),(1045,'나는 해외','<p>나는 해외</p>','2023-04-27 10:04:46',0,'해외',0,'moon111',0,0),(1046,'나는 질문','<p>나는 질문</p>','2023-04-27 10:04:46',0,'질문',0,'moon111',0,0),(1047,'나는 자유','<p>나는 자유</p>','2023-04-27 10:04:46',0,'자유',0,'moon111',0,0),(1048,'대충 긴글','<p>대충 긴글대충 긴글대충 긴글대충 긴글대충 긴글대충 긴글대충 긴글대충 긴글대충 긴글대충 긴글대충 긴글대충 긴글대충 긴글대충 긴글대충 긴글대충 긴글대충 긴글대충 긴글대충 긴글대충 긴글대충 긴글대충 긴글대충 긴글대충 긴글대충 긴글대충 긴글대충 긴글대충 긴글대충 긴글대충 긴글대충 긴글대충 긴글대충 긴글대충 긴글대충 긴글대충 긴글대충 긴글대충 긴글대충 긴글대충 긴글대충 긴글대충 긴글대충 긴글대충 긴글대충 긴글대충 긴글대충 긴글대충 긴글대충 긴글대충 긴글대충 긴글대충 긴글대충 긴글대충 긴글대충 긴글대충 긴글대충 긴글대충 긴글대충 긴글대충 긴글대충 긴글대충 긴글대충 긴글대충 긴글대충 긴글대충 긴글대충 긴글대충 긴글대충 긴글대충 긴글대충 긴글대충 긴글대충 긴글대충 긴글대충 긴글대충 긴글대충 긴글대충 긴글대충 긴글대충 긴글대충 긴글대충 긴글대충 긴글대충 긴글대충 긴글대충 긴글대충 긴글대충 긴글대충 긴글대충 긴글대충 긴글대충 긴글대충 긴글대충 긴글대충 긴글대충 긴글대충 긴글대충 긴글대충 긴글대충 긴글대충 긴글대충 긴글대충 긴글대충 긴글대충 긴글대충 긴글대충 긴글대충 긴글대충 긴글대충 긴글대충 긴글대충 긴글대충 긴글대충 긴글대충 긴글대충 긴글대충 긴글대충 긴글대충 긴글대충 긴글대충 긴글대충 긴글대충 긴글대충 긴글대충 긴글대충 긴글대충 긴글대충 긴글대충 긴글대충 긴글대충 긴글대충 긴글대충 긴글대충 긴글대충 긴글대충 긴글대충 긴글대충 긴글대충 긴글대충 긴글대충 긴글대충 긴글대충 긴글대충 긴글대충 긴글대충 긴글대충 긴글대충 긴글대충 긴글대충 긴글대충 긴글대충 긴글대충 긴글대충 긴글대충 긴글대충 긴글대충 긴글대충 긴글대충 긴글대충 긴글대충 긴글대충 긴글대충 긴글대충 긴글대충 긴글대충 긴글대충 긴글대충 긴글대충 긴글대충 긴글대충 긴글대충 긴글대충 긴글대충 긴글대충 긴글대충 긴글대충 긴글대충 긴글대충 긴글대충 긴글대충 긴글대충 긴글대충 긴글대충 긴글대충 긴글대충 긴글대충 긴글대충 긴글대충 긴글대충 긴글대충 긴글대충 긴글대충 긴글대충 긴글대충 긴글대충 긴글대충 긴글대충 긴글대충 긴글대충 긴글대충 긴글대충 긴글대충 긴글대충 긴글대충 긴글대충 긴글대충 긴글대충 긴글대충 긴글대충 긴글대충 긴글대충 긴글대충 긴글대충 긴글대충 긴글대충 긴글대충 긴글대충 긴글대충 긴글대충 긴글대충 긴글대충 긴글대충 긴글대충 긴글대충 긴글대충 긴글대충 긴글대충 긴글대충 긴글대충 긴글대충 긴글대충 긴글대충 긴글대충 긴글대충 긴글대충 긴글대충 긴글대충 긴글대충 긴글대충 긴글대충 긴글대충 긴글대충 긴글대충 긴글대충 긴글대충 긴글대충 긴글대충 긴글대충 긴글대충 긴글대충 긴글대충 긴글대충 긴글대충 긴글대충 긴글대충 긴글대충 긴글대충 긴글대충 긴글대충 긴글대충 긴글대충 긴글대충 긴글대충 긴글대충 긴글대충 긴글대충 긴글대충 긴글대충 긴글대충 긴글대충 긴글</p>','2023-04-27 10:04:46',0,'국내',0,'moon111',0,0),(1062,'나는 국내','<p>나는 국내</p><p><strong>나는 국내</strong></p><p><i><strong>나는 국내</strong></i></p>','2023-04-27 10:04:46',0,'국내',0,'hong1',0,0),(1063,'나는 해외','<p>나는 해외</p><p><strong>나는 해외</strong></p><ol><li><i><strong>나는 해외</strong></i></li></ol>','2023-04-27 10:04:46',0,'해외',0,'hong1',0,0),(1064,'나는 질문','<p>나는 질문</p>','2023-04-27 10:04:46',0,'질문',0,'hong1',0,0),(1065,'나는 자유','<p>나는 자유</p>','2023-04-27 10:04:46',0,'자유',0,'hong1',0,0),(1066,'나는 국내','<p>나는 국내</p>','2023-04-27 10:04:46',0,'국내',0,'moon111',0,0),(1067,'나는 해외','<p>나는 해외</p>','2023-04-27 10:04:46',0,'해외',0,'moon111',0,0),(1068,'나는 질문','<p>나는 질문</p>','2023-04-27 10:04:46',0,'질문',0,'moon111',0,0),(1069,'나는 자유','<p>나는 자유</p>','2023-04-27 10:04:46',0,'자유',0,'moon111',0,0),(1070,'대충 긴글','<p>대충 긴글대충 긴글대충 긴글대충 긴글대충 긴글대충 긴글대충 긴글대충 긴글대충 긴글대충 긴글대충 긴글대충 긴글대충 긴글대충 긴글대충 긴글대충 긴글대충 긴글대충 긴글대충 긴글대충 긴글대충 긴글대충 긴글대충 긴글대충 긴글대충 긴글대충 긴글대충 긴글대충 긴글대충 긴글대충 긴글대충 긴글대충 긴글대충 긴글대충 긴글대충 긴글대충 긴글대충 긴글대충 긴글대충 긴글대충 긴글대충 긴글대충 긴글대충 긴글대충 긴글대충 긴글대충 긴글대충 긴글대충 긴글대충 긴글대충 긴글대충 긴글대충 긴글대충 긴글대충 긴글대충 긴글대충 긴글대충 긴글대충 긴글대충 긴글대충 긴글대충 긴글대충 긴글대충 긴글대충 긴글대충 긴글대충 긴글대충 긴글대충 긴글대충 긴글대충 긴글대충 긴글대충 긴글대충 긴글대충 긴글대충 긴글대충 긴글대충 긴글대충 긴글대충 긴글대충 긴글대충 긴글대충 긴글대충 긴글대충 긴글대충 긴글대충 긴글대충 긴글대충 긴글대충 긴글대충 긴글대충 긴글대충 긴글대충 긴글대충 긴글대충 긴글대충 긴글대충 긴글대충 긴글대충 긴글대충 긴글대충 긴글대충 긴글대충 긴글대충 긴글대충 긴글대충 긴글대충 긴글대충 긴글대충 긴글대충 긴글대충 긴글대충 긴글대충 긴글대충 긴글대충 긴글대충 긴글대충 긴글대충 긴글대충 긴글대충 긴글대충 긴글대충 긴글대충 긴글대충 긴글대충 긴글대충 긴글대충 긴글대충 긴글대충 긴글대충 긴글대충 긴글대충 긴글대충 긴글대충 긴글대충 긴글대충 긴글대충 긴글대충 긴글대충 긴글대충 긴글대충 긴글대충 긴글대충 긴글대충 긴글대충 긴글대충 긴글대충 긴글대충 긴글대충 긴글대충 긴글대충 긴글대충 긴글대충 긴글대충 긴글대충 긴글대충 긴글대충 긴글대충 긴글대충 긴글대충 긴글대충 긴글대충 긴글대충 긴글대충 긴글대충 긴글대충 긴글대충 긴글대충 긴글대충 긴글대충 긴글대충 긴글대충 긴글대충 긴글대충 긴글대충 긴글대충 긴글대충 긴글대충 긴글대충 긴글대충 긴글대충 긴글대충 긴글대충 긴글대충 긴글대충 긴글대충 긴글대충 긴글대충 긴글대충 긴글대충 긴글대충 긴글대충 긴글대충 긴글대충 긴글대충 긴글대충 긴글대충 긴글대충 긴글대충 긴글대충 긴글대충 긴글대충 긴글대충 긴글대충 긴글대충 긴글대충 긴글대충 긴글대충 긴글대충 긴글대충 긴글대충 긴글대충 긴글대충 긴글대충 긴글대충 긴글대충 긴글대충 긴글대충 긴글대충 긴글대충 긴글대충 긴글대충 긴글대충 긴글대충 긴글대충 긴글대충 긴글대충 긴글대충 긴글대충 긴글대충 긴글대충 긴글대충 긴글대충 긴글대충 긴글대충 긴글대충 긴글대충 긴글대충 긴글대충 긴글대충 긴글대충 긴글대충 긴글대충 긴글대충 긴글대충 긴글대충 긴글대충 긴글대충 긴글대충 긴글대충 긴글대충 긴글대충 긴글대충 긴글대충 긴글대충 긴글대충 긴글대충 긴글대충 긴글대충 긴글대충 긴글대충 긴글대충 긴글대충 긴글대충 긴글대충 긴글대충 긴글대충 긴글대충 긴글대충 긴글대충 긴글대충 긴글</p>','2023-04-27 10:04:46',0,'국내',0,'moon111',0,0),(1071,'나는 국내','<p>나는 국내</p><p><strong>나는 국내</strong></p><p><i><strong>나는 국내</strong></i></p>','2023-04-27 10:04:46',0,'국내',0,'hong1',0,0),(1072,'나는 해외','<p>나는 해외</p><p><strong>나는 해외</strong></p><ol><li><i><strong>나는 해외</strong></i></li></ol>','2023-04-27 10:04:46',0,'해외',0,'hong1',0,0),(1073,'나는 질문','<p>나는 질문</p>','2023-04-27 10:04:46',0,'질문',0,'hong1',0,0),(1074,'나는 자유','<p>나는 자유</p>','2023-04-27 10:04:46',0,'자유',0,'hong1',0,0),(1075,'나는 국내','<p>나는 국내</p>','2023-04-27 10:04:46',0,'국내',0,'moon111',0,0),(1076,'나는 해외','<p>나는 해외</p>','2023-04-27 10:04:46',0,'해외',0,'moon111',0,0),(1077,'나는 질문','<p>나는 질문</p>','2023-04-27 10:04:46',0,'질문',0,'moon111',0,0),(1078,'나는 자유','<p>나는 자유</p>','2023-04-27 10:04:46',0,'자유',0,'moon111',0,0),(1079,'대충 긴글','<p>대충 긴글대충 긴글대충 긴글대충 긴글대충 긴글대충 긴글대충 긴글대충 긴글대충 긴글대충 긴글대충 긴글대충 긴글대충 긴글대충 긴글대충 긴글대충 긴글대충 긴글대충 긴글대충 긴글대충 긴글대충 긴글대충 긴글대충 긴글대충 긴글대충 긴글대충 긴글대충 긴글대충 긴글대충 긴글대충 긴글대충 긴글대충 긴글대충 긴글대충 긴글대충 긴글대충 긴글대충 긴글대충 긴글대충 긴글대충 긴글대충 긴글대충 긴글대충 긴글대충 긴글대충 긴글대충 긴글대충 긴글대충 긴글대충 긴글대충 긴글대충 긴글대충 긴글대충 긴글대충 긴글대충 긴글대충 긴글대충 긴글대충 긴글대충 긴글대충 긴글대충 긴글대충 긴글대충 긴글대충 긴글대충 긴글대충 긴글대충 긴글대충 긴글대충 긴글대충 긴글대충 긴글대충 긴글대충 긴글대충 긴글대충 긴글대충 긴글대충 긴글대충 긴글대충 긴글대충 긴글대충 긴글대충 긴글대충 긴글대충 긴글대충 긴글대충 긴글대충 긴글대충 긴글대충 긴글대충 긴글대충 긴글대충 긴글대충 긴글대충 긴글대충 긴글대충 긴글대충 긴글대충 긴글대충 긴글대충 긴글대충 긴글대충 긴글대충 긴글대충 긴글대충 긴글대충 긴글대충 긴글대충 긴글대충 긴글대충 긴글대충 긴글대충 긴글대충 긴글대충 긴글대충 긴글대충 긴글대충 긴글대충 긴글대충 긴글대충 긴글대충 긴글대충 긴글대충 긴글대충 긴글대충 긴글대충 긴글대충 긴글대충 긴글대충 긴글대충 긴글대충 긴글대충 긴글대충 긴글대충 긴글대충 긴글대충 긴글대충 긴글대충 긴글대충 긴글대충 긴글대충 긴글대충 긴글대충 긴글대충 긴글대충 긴글대충 긴글대충 긴글대충 긴글대충 긴글대충 긴글대충 긴글대충 긴글대충 긴글대충 긴글대충 긴글대충 긴글대충 긴글대충 긴글대충 긴글대충 긴글대충 긴글대충 긴글대충 긴글대충 긴글대충 긴글대충 긴글대충 긴글대충 긴글대충 긴글대충 긴글대충 긴글대충 긴글대충 긴글대충 긴글대충 긴글대충 긴글대충 긴글대충 긴글대충 긴글대충 긴글대충 긴글대충 긴글대충 긴글대충 긴글대충 긴글대충 긴글대충 긴글대충 긴글대충 긴글대충 긴글대충 긴글대충 긴글대충 긴글대충 긴글대충 긴글대충 긴글대충 긴글대충 긴글대충 긴글대충 긴글대충 긴글대충 긴글대충 긴글대충 긴글대충 긴글대충 긴글대충 긴글대충 긴글대충 긴글대충 긴글대충 긴글대충 긴글대충 긴글대충 긴글대충 긴글대충 긴글대충 긴글대충 긴글대충 긴글대충 긴글대충 긴글대충 긴글대충 긴글대충 긴글대충 긴글대충 긴글대충 긴글대충 긴글대충 긴글대충 긴글대충 긴글대충 긴글대충 긴글대충 긴글대충 긴글대충 긴글대충 긴글대충 긴글대충 긴글대충 긴글대충 긴글대충 긴글대충 긴글대충 긴글대충 긴글대충 긴글대충 긴글대충 긴글대충 긴글대충 긴글대충 긴글대충 긴글대충 긴글대충 긴글대충 긴글대충 긴글대충 긴글대충 긴글대충 긴글대충 긴글대충 긴글대충 긴글대충 긴글대충 긴글대충 긴글대충 긴글대충 긴글대충 긴글대충 긴글대충 긴글대충 긴글</p>','2023-04-27 10:04:46',0,'국내',0,'moon111',0,0),(1080,'나는 국내','<p>나는 국내</p><p><strong>나는 국내</strong></p><p><i><strong>나는 국내</strong></i></p>','2023-04-27 10:04:46',0,'국내',0,'hong1',0,0),(1081,'나는 해외','<p>나는 해외</p><p><strong>나는 해외</strong></p><ol><li><i><strong>나는 해외</strong></i></li></ol>','2023-04-27 10:04:46',0,'해외',0,'hong1',0,0),(1082,'나는 질문','<p>나는 질문</p>','2023-04-27 10:04:46',0,'질문',0,'hong1',0,0),(1083,'나는 자유','<p>나는 자유</p>','2023-04-27 10:04:46',0,'자유',0,'hong1',0,0),(1084,'나는 국내','<p>나는 국내</p>','2023-04-27 10:04:46',0,'국내',0,'moon111',0,0),(1085,'나는 해외','<p>나는 해외</p>','2023-04-27 10:04:46',0,'해외',0,'moon111',0,0),(1086,'나는 질문','<p>나는 질문</p>','2023-04-27 10:04:46',0,'질문',0,'moon111',0,0),(1087,'나는 자유','<p>나는 자유</p>','2023-04-27 10:04:46',0,'자유',0,'moon111',0,0),(1088,'대충 긴글','<p>대충 긴글대충 긴글대충 긴글대충 긴글대충 긴글대충 긴글대충 긴글대충 긴글대충 긴글대충 긴글대충 긴글대충 긴글대충 긴글대충 긴글대충 긴글대충 긴글대충 긴글대충 긴글대충 긴글대충 긴글대충 긴글대충 긴글대충 긴글대충 긴글대충 긴글대충 긴글대충 긴글대충 긴글대충 긴글대충 긴글대충 긴글대충 긴글대충 긴글대충 긴글대충 긴글대충 긴글대충 긴글대충 긴글대충 긴글대충 긴글대충 긴글대충 긴글대충 긴글대충 긴글대충 긴글대충 긴글대충 긴글대충 긴글대충 긴글대충 긴글대충 긴글대충 긴글대충 긴글대충 긴글대충 긴글대충 긴글대충 긴글대충 긴글대충 긴글대충 긴글대충 긴글대충 긴글대충 긴글대충 긴글대충 긴글대충 긴글대충 긴글대충 긴글대충 긴글대충 긴글대충 긴글대충 긴글대충 긴글대충 긴글대충 긴글대충 긴글대충 긴글대충 긴글대충 긴글대충 긴글대충 긴글대충 긴글대충 긴글대충 긴글대충 긴글대충 긴글대충 긴글대충 긴글대충 긴글대충 긴글대충 긴글대충 긴글대충 긴글대충 긴글대충 긴글대충 긴글대충 긴글대충 긴글대충 긴글대충 긴글대충 긴글대충 긴글대충 긴글대충 긴글대충 긴글대충 긴글대충 긴글대충 긴글대충 긴글대충 긴글대충 긴글대충 긴글대충 긴글대충 긴글대충 긴글대충 긴글대충 긴글대충 긴글대충 긴글대충 긴글대충 긴글대충 긴글대충 긴글대충 긴글대충 긴글대충 긴글대충 긴글대충 긴글대충 긴글대충 긴글대충 긴글대충 긴글대충 긴글대충 긴글대충 긴글대충 긴글대충 긴글대충 긴글대충 긴글대충 긴글대충 긴글대충 긴글대충 긴글대충 긴글대충 긴글대충 긴글대충 긴글대충 긴글대충 긴글대충 긴글대충 긴글대충 긴글대충 긴글대충 긴글대충 긴글대충 긴글대충 긴글대충 긴글대충 긴글대충 긴글대충 긴글대충 긴글대충 긴글대충 긴글대충 긴글대충 긴글대충 긴글대충 긴글대충 긴글대충 긴글대충 긴글대충 긴글대충 긴글대충 긴글대충 긴글대충 긴글대충 긴글대충 긴글대충 긴글대충 긴글대충 긴글대충 긴글대충 긴글대충 긴글대충 긴글대충 긴글대충 긴글대충 긴글대충 긴글대충 긴글대충 긴글대충 긴글대충 긴글대충 긴글대충 긴글대충 긴글대충 긴글대충 긴글대충 긴글대충 긴글대충 긴글대충 긴글대충 긴글대충 긴글대충 긴글대충 긴글대충 긴글대충 긴글대충 긴글대충 긴글대충 긴글대충 긴글대충 긴글대충 긴글대충 긴글대충 긴글대충 긴글대충 긴글대충 긴글대충 긴글대충 긴글대충 긴글대충 긴글대충 긴글대충 긴글대충 긴글대충 긴글대충 긴글대충 긴글대충 긴글대충 긴글대충 긴글대충 긴글대충 긴글대충 긴글대충 긴글대충 긴글대충 긴글대충 긴글대충 긴글대충 긴글대충 긴글대충 긴글대충 긴글대충 긴글대충 긴글대충 긴글대충 긴글대충 긴글대충 긴글대충 긴글대충 긴글대충 긴글대충 긴글대충 긴글대충 긴글대충 긴글대충 긴글대충 긴글대충 긴글대충 긴글대충 긴글대충 긴글대충 긴글대충 긴글대충 긴글대충 긴글대충 긴글대충 긴글대충 긴글대충 긴글</p>','2023-04-27 10:04:46',0,'국내',0,'moon111',0,0),(1089,'나는 국내','<p>나는 국내</p><p><strong>나는 국내</strong></p><p><i><strong>나는 국내</strong></i></p>','2023-04-27 10:04:46',0,'국내',0,'hong1',0,0),(1090,'나는 해외','<p>나는 해외</p><p><strong>나는 해외</strong></p><ol><li><i><strong>나는 해외</strong></i></li></ol>','2023-04-27 10:04:46',0,'해외',0,'hong1',0,0),(1091,'나는 질문','<p>나는 질문</p>','2023-04-27 10:04:46',0,'질문',0,'hong1',0,0),(1092,'나는 자유','<p>나는 자유</p>','2023-04-27 10:04:46',0,'자유',0,'hong1',0,0),(1093,'나는 국내','<p>나는 국내</p>','2023-04-27 10:04:46',0,'국내',0,'moon111',0,0),(1094,'나는 해외','<p>나는 해외</p>','2023-04-27 10:04:46',0,'해외',0,'moon111',0,0),(1095,'나는 질문','<p>나는 질문</p>','2023-04-27 10:04:46',0,'질문',0,'moon111',0,0),(1096,'나는 자유','<p>나는 자유</p>','2023-04-27 10:04:46',0,'자유',0,'moon111',0,0),(1097,'대충 긴글','<p>대충 긴글대충 긴글대충 긴글대충 긴글대충 긴글대충 긴글대충 긴글대충 긴글대충 긴글대충 긴글대충 긴글대충 긴글대충 긴글대충 긴글대충 긴글대충 긴글대충 긴글대충 긴글대충 긴글대충 긴글대충 긴글대충 긴글대충 긴글대충 긴글대충 긴글대충 긴글대충 긴글대충 긴글대충 긴글대충 긴글대충 긴글대충 긴글대충 긴글대충 긴글대충 긴글대충 긴글대충 긴글대충 긴글대충 긴글대충 긴글대충 긴글대충 긴글대충 긴글대충 긴글대충 긴글대충 긴글대충 긴글대충 긴글대충 긴글대충 긴글대충 긴글대충 긴글대충 긴글대충 긴글대충 긴글대충 긴글대충 긴글대충 긴글대충 긴글대충 긴글대충 긴글대충 긴글대충 긴글대충 긴글대충 긴글대충 긴글대충 긴글대충 긴글대충 긴글대충 긴글대충 긴글대충 긴글대충 긴글대충 긴글대충 긴글대충 긴글대충 긴글대충 긴글대충 긴글대충 긴글대충 긴글대충 긴글대충 긴글대충 긴글대충 긴글대충 긴글대충 긴글대충 긴글대충 긴글대충 긴글대충 긴글대충 긴글대충 긴글대충 긴글대충 긴글대충 긴글대충 긴글대충 긴글대충 긴글대충 긴글대충 긴글대충 긴글대충 긴글대충 긴글대충 긴글대충 긴글대충 긴글대충 긴글대충 긴글대충 긴글대충 긴글대충 긴글대충 긴글대충 긴글대충 긴글대충 긴글대충 긴글대충 긴글대충 긴글대충 긴글대충 긴글대충 긴글대충 긴글대충 긴글대충 긴글대충 긴글대충 긴글대충 긴글대충 긴글대충 긴글대충 긴글대충 긴글대충 긴글대충 긴글대충 긴글대충 긴글대충 긴글대충 긴글대충 긴글대충 긴글대충 긴글대충 긴글대충 긴글대충 긴글대충 긴글대충 긴글대충 긴글대충 긴글대충 긴글대충 긴글대충 긴글대충 긴글대충 긴글대충 긴글대충 긴글대충 긴글대충 긴글대충 긴글대충 긴글대충 긴글대충 긴글대충 긴글대충 긴글대충 긴글대충 긴글대충 긴글대충 긴글대충 긴글대충 긴글대충 긴글대충 긴글대충 긴글대충 긴글대충 긴글대충 긴글대충 긴글대충 긴글대충 긴글대충 긴글대충 긴글대충 긴글대충 긴글대충 긴글대충 긴글대충 긴글대충 긴글대충 긴글대충 긴글대충 긴글대충 긴글대충 긴글대충 긴글대충 긴글대충 긴글대충 긴글대충 긴글대충 긴글대충 긴글대충 긴글대충 긴글대충 긴글대충 긴글대충 긴글대충 긴글대충 긴글대충 긴글대충 긴글대충 긴글대충 긴글대충 긴글대충 긴글대충 긴글대충 긴글대충 긴글대충 긴글대충 긴글대충 긴글대충 긴글대충 긴글대충 긴글대충 긴글대충 긴글대충 긴글대충 긴글대충 긴글대충 긴글대충 긴글대충 긴글대충 긴글대충 긴글대충 긴글대충 긴글대충 긴글대충 긴글대충 긴글대충 긴글대충 긴글대충 긴글대충 긴글대충 긴글대충 긴글대충 긴글대충 긴글대충 긴글대충 긴글대충 긴글대충 긴글대충 긴글대충 긴글대충 긴글대충 긴글대충 긴글대충 긴글대충 긴글대충 긴글대충 긴글대충 긴글대충 긴글대충 긴글대충 긴글대충 긴글대충 긴글대충 긴글대충 긴글대충 긴글대충 긴글대충 긴글대충 긴글대충 긴글대충 긴글대충 긴글</p>','2023-04-27 10:04:46',0,'국내',0,'moon111',0,0),(1125,'나는 국내','<p>나는 국내</p><p><strong>나는 국내</strong></p><p><i><strong>나는 국내</strong></i></p>','2023-04-27 10:04:47',1,'국내',0,'hong1',0,0),(1126,'나는 해외','<p>나는 해외</p><p><strong>나는 해외</strong></p><ol><li><i><strong>나는 해외</strong></i></li></ol>','2023-04-27 10:04:47',0,'해외',0,'hong1',0,0),(1127,'나는 질문','<p>나는 질문</p>','2023-04-27 10:04:47',0,'질문',0,'hong1',0,0),(1128,'나는 자유','<p>나는 자유</p>','2023-04-27 10:04:47',0,'자유',0,'hong1',0,0),(1129,'나는 국내','<p>나는 국내</p>','2023-04-27 10:04:47',0,'국내',0,'moon111',0,0),(1130,'나는 해외','<p>나는 해외</p>','2023-04-27 10:04:47',0,'해외',0,'moon111',0,0),(1131,'나는 질문','<p>나는 질문</p>','2023-04-27 10:04:47',0,'질문',0,'moon111',0,0),(1132,'나는 자유','<p>나는 자유</p>','2023-04-27 10:04:47',0,'자유',0,'moon111',0,0),(1133,'대충 긴글','<p>대충 긴글대충 긴글대충 긴글대충 긴글대충 긴글대충 긴글대충 긴글대충 긴글대충 긴글대충 긴글대충 긴글대충 긴글대충 긴글대충 긴글대충 긴글대충 긴글대충 긴글대충 긴글대충 긴글대충 긴글대충 긴글대충 긴글대충 긴글대충 긴글대충 긴글대충 긴글대충 긴글대충 긴글대충 긴글대충 긴글대충 긴글대충 긴글대충 긴글대충 긴글대충 긴글대충 긴글대충 긴글대충 긴글대충 긴글대충 긴글대충 긴글대충 긴글대충 긴글대충 긴글대충 긴글대충 긴글대충 긴글대충 긴글대충 긴글대충 긴글대충 긴글대충 긴글대충 긴글대충 긴글대충 긴글대충 긴글대충 긴글대충 긴글대충 긴글대충 긴글대충 긴글대충 긴글대충 긴글대충 긴글대충 긴글대충 긴글대충 긴글대충 긴글대충 긴글대충 긴글대충 긴글대충 긴글대충 긴글대충 긴글대충 긴글대충 긴글대충 긴글대충 긴글대충 긴글대충 긴글대충 긴글대충 긴글대충 긴글대충 긴글대충 긴글대충 긴글대충 긴글대충 긴글대충 긴글대충 긴글대충 긴글대충 긴글대충 긴글대충 긴글대충 긴글대충 긴글대충 긴글대충 긴글대충 긴글대충 긴글대충 긴글대충 긴글대충 긴글대충 긴글대충 긴글대충 긴글대충 긴글대충 긴글대충 긴글대충 긴글대충 긴글대충 긴글대충 긴글대충 긴글대충 긴글대충 긴글대충 긴글대충 긴글대충 긴글대충 긴글대충 긴글대충 긴글대충 긴글대충 긴글대충 긴글대충 긴글대충 긴글대충 긴글대충 긴글대충 긴글대충 긴글대충 긴글대충 긴글대충 긴글대충 긴글대충 긴글대충 긴글대충 긴글대충 긴글대충 긴글대충 긴글대충 긴글대충 긴글대충 긴글대충 긴글대충 긴글대충 긴글대충 긴글대충 긴글대충 긴글대충 긴글대충 긴글대충 긴글대충 긴글대충 긴글대충 긴글대충 긴글대충 긴글대충 긴글대충 긴글대충 긴글대충 긴글대충 긴글대충 긴글대충 긴글대충 긴글대충 긴글대충 긴글대충 긴글대충 긴글대충 긴글대충 긴글대충 긴글대충 긴글대충 긴글대충 긴글대충 긴글대충 긴글대충 긴글대충 긴글대충 긴글대충 긴글대충 긴글대충 긴글대충 긴글대충 긴글대충 긴글대충 긴글대충 긴글대충 긴글대충 긴글대충 긴글대충 긴글대충 긴글대충 긴글대충 긴글대충 긴글대충 긴글대충 긴글대충 긴글대충 긴글대충 긴글대충 긴글대충 긴글대충 긴글대충 긴글대충 긴글대충 긴글대충 긴글대충 긴글대충 긴글대충 긴글대충 긴글대충 긴글대충 긴글대충 긴글대충 긴글대충 긴글대충 긴글대충 긴글대충 긴글대충 긴글대충 긴글대충 긴글대충 긴글대충 긴글대충 긴글대충 긴글대충 긴글대충 긴글대충 긴글대충 긴글대충 긴글대충 긴글대충 긴글대충 긴글대충 긴글대충 긴글대충 긴글대충 긴글대충 긴글대충 긴글대충 긴글대충 긴글대충 긴글대충 긴글대충 긴글대충 긴글대충 긴글대충 긴글대충 긴글대충 긴글대충 긴글대충 긴글대충 긴글대충 긴글대충 긴글대충 긴글대충 긴글대충 긴글대충 긴글대충 긴글대충 긴글대충 긴글대충 긴글대충 긴글대충 긴글대충 긴글대충 긴글대충 긴글대충 긴글</p>','2023-04-27 10:04:47',0,'국내',0,'moon111',0,0),(1134,'나는 국내','<p>나는 국내</p><p><strong>나는 국내</strong></p><p><i><strong>나는 국내</strong></i></p>','2023-04-27 10:04:47',0,'국내',0,'hong1',0,0),(1135,'나는 해외','<p>나는 해외</p><p><strong>나는 해외</strong></p><ol><li><i><strong>나는 해외</strong></i></li></ol>','2023-04-27 10:04:47',0,'해외',0,'hong1',0,0),(1136,'나는 질문','<p>나는 질문</p>','2023-04-27 10:04:47',0,'질문',0,'hong1',0,0),(1137,'나는 자유','<p>나는 자유</p>','2023-04-27 10:04:47',0,'자유',0,'hong1',0,0),(1138,'나는 국내','<p>나는 국내</p>','2023-04-27 10:04:47',0,'국내',0,'moon111',0,0),(1139,'나는 해외','<p>나는 해외</p>','2023-04-27 10:04:47',0,'해외',0,'moon111',0,0),(1140,'나는 질문','<p>나는 질문</p>','2023-04-27 10:04:47',0,'질문',0,'moon111',0,0),(1141,'나는 자유','<p>나는 자유</p>','2023-04-27 10:04:47',0,'자유',0,'moon111',0,0),(1142,'대충 긴글','<p>대충 긴글대충 긴글대충 긴글대충 긴글대충 긴글대충 긴글대충 긴글대충 긴글대충 긴글대충 긴글대충 긴글대충 긴글대충 긴글대충 긴글대충 긴글대충 긴글대충 긴글대충 긴글대충 긴글대충 긴글대충 긴글대충 긴글대충 긴글대충 긴글대충 긴글대충 긴글대충 긴글대충 긴글대충 긴글대충 긴글대충 긴글대충 긴글대충 긴글대충 긴글대충 긴글대충 긴글대충 긴글대충 긴글대충 긴글대충 긴글대충 긴글대충 긴글대충 긴글대충 긴글대충 긴글대충 긴글대충 긴글대충 긴글대충 긴글대충 긴글대충 긴글대충 긴글대충 긴글대충 긴글대충 긴글대충 긴글대충 긴글대충 긴글대충 긴글대충 긴글대충 긴글대충 긴글대충 긴글대충 긴글대충 긴글대충 긴글대충 긴글대충 긴글대충 긴글대충 긴글대충 긴글대충 긴글대충 긴글대충 긴글대충 긴글대충 긴글대충 긴글대충 긴글대충 긴글대충 긴글대충 긴글대충 긴글대충 긴글대충 긴글대충 긴글대충 긴글대충 긴글대충 긴글대충 긴글대충 긴글대충 긴글대충 긴글대충 긴글대충 긴글대충 긴글대충 긴글대충 긴글대충 긴글대충 긴글대충 긴글대충 긴글대충 긴글대충 긴글대충 긴글대충 긴글대충 긴글대충 긴글대충 긴글대충 긴글대충 긴글대충 긴글대충 긴글대충 긴글대충 긴글대충 긴글대충 긴글대충 긴글대충 긴글대충 긴글대충 긴글대충 긴글대충 긴글대충 긴글대충 긴글대충 긴글대충 긴글대충 긴글대충 긴글대충 긴글대충 긴글대충 긴글대충 긴글대충 긴글대충 긴글대충 긴글대충 긴글대충 긴글대충 긴글대충 긴글대충 긴글대충 긴글대충 긴글대충 긴글대충 긴글대충 긴글대충 긴글대충 긴글대충 긴글대충 긴글대충 긴글대충 긴글대충 긴글대충 긴글대충 긴글대충 긴글대충 긴글대충 긴글대충 긴글대충 긴글대충 긴글대충 긴글대충 긴글대충 긴글대충 긴글대충 긴글대충 긴글대충 긴글대충 긴글대충 긴글대충 긴글대충 긴글대충 긴글대충 긴글대충 긴글대충 긴글대충 긴글대충 긴글대충 긴글대충 긴글대충 긴글대충 긴글대충 긴글대충 긴글대충 긴글대충 긴글대충 긴글대충 긴글대충 긴글대충 긴글대충 긴글대충 긴글대충 긴글대충 긴글대충 긴글대충 긴글대충 긴글대충 긴글대충 긴글대충 긴글대충 긴글대충 긴글대충 긴글대충 긴글대충 긴글대충 긴글대충 긴글대충 긴글대충 긴글대충 긴글대충 긴글대충 긴글대충 긴글대충 긴글대충 긴글대충 긴글대충 긴글대충 긴글대충 긴글대충 긴글대충 긴글대충 긴글대충 긴글대충 긴글대충 긴글대충 긴글대충 긴글대충 긴글대충 긴글대충 긴글대충 긴글대충 긴글대충 긴글대충 긴글대충 긴글대충 긴글대충 긴글대충 긴글대충 긴글대충 긴글대충 긴글대충 긴글대충 긴글대충 긴글대충 긴글대충 긴글대충 긴글대충 긴글대충 긴글대충 긴글대충 긴글대충 긴글대충 긴글대충 긴글대충 긴글대충 긴글대충 긴글대충 긴글대충 긴글대충 긴글대충 긴글대충 긴글대충 긴글대충 긴글대충 긴글대충 긴글대충 긴글대충 긴글대충 긴글대충 긴글대충 긴글대충 긴글</p>','2023-04-27 10:04:47',0,'국내',0,'moon111',0,0),(1143,'나는 국내','<p>나는 국내</p><p><strong>나는 국내</strong></p><p><i><strong>나는 국내</strong></i></p>','2023-04-27 10:04:47',1,'국내',0,'hong1',0,0),(1144,'나는 해외','<p>나는 해외</p><p><strong>나는 해외</strong></p><ol><li><i><strong>나는 해외</strong></i></li></ol>','2023-04-27 10:04:47',0,'해외',0,'hong1',0,0),(1145,'나는 질문','<p>나는 질문</p>','2023-04-27 10:04:47',0,'질문',0,'hong1',0,0),(1146,'나는 자유','<p>나는 자유</p>','2023-04-27 10:04:47',0,'자유',0,'hong1',0,0),(1147,'나는 국내','<p>나는 국내</p>','2023-04-27 10:04:47',0,'국내',0,'moon111',0,0),(1148,'나는 해외','<p>나는 해외</p>','2023-04-27 10:04:47',0,'해외',0,'moon111',0,0),(1149,'나는 질문','<p>나는 질문</p>','2023-04-27 10:04:47',0,'질문',0,'moon111',0,0),(1150,'나는 자유','<p>나는 자유</p>','2023-04-27 10:04:47',0,'자유',0,'moon111',0,0),(1151,'대충 긴글','<p>대충 긴글대충 긴글대충 긴글대충 긴글대충 긴글대충 긴글대충 긴글대충 긴글대충 긴글대충 긴글대충 긴글대충 긴글대충 긴글대충 긴글대충 긴글대충 긴글대충 긴글대충 긴글대충 긴글대충 긴글대충 긴글대충 긴글대충 긴글대충 긴글대충 긴글대충 긴글대충 긴글대충 긴글대충 긴글대충 긴글대충 긴글대충 긴글대충 긴글대충 긴글대충 긴글대충 긴글대충 긴글대충 긴글대충 긴글대충 긴글대충 긴글대충 긴글대충 긴글대충 긴글대충 긴글대충 긴글대충 긴글대충 긴글대충 긴글대충 긴글대충 긴글대충 긴글대충 긴글대충 긴글대충 긴글대충 긴글대충 긴글대충 긴글대충 긴글대충 긴글대충 긴글대충 긴글대충 긴글대충 긴글대충 긴글대충 긴글대충 긴글대충 긴글대충 긴글대충 긴글대충 긴글대충 긴글대충 긴글대충 긴글대충 긴글대충 긴글대충 긴글대충 긴글대충 긴글대충 긴글대충 긴글대충 긴글대충 긴글대충 긴글대충 긴글대충 긴글대충 긴글대충 긴글대충 긴글대충 긴글대충 긴글대충 긴글대충 긴글대충 긴글대충 긴글대충 긴글대충 긴글대충 긴글대충 긴글대충 긴글대충 긴글대충 긴글대충 긴글대충 긴글대충 긴글대충 긴글대충 긴글대충 긴글대충 긴글대충 긴글대충 긴글대충 긴글대충 긴글대충 긴글대충 긴글대충 긴글대충 긴글대충 긴글대충 긴글대충 긴글대충 긴글대충 긴글대충 긴글대충 긴글대충 긴글대충 긴글대충 긴글대충 긴글대충 긴글대충 긴글대충 긴글대충 긴글대충 긴글대충 긴글대충 긴글대충 긴글대충 긴글대충 긴글대충 긴글대충 긴글대충 긴글대충 긴글대충 긴글대충 긴글대충 긴글대충 긴글대충 긴글대충 긴글대충 긴글대충 긴글대충 긴글대충 긴글대충 긴글대충 긴글대충 긴글대충 긴글대충 긴글대충 긴글대충 긴글대충 긴글대충 긴글대충 긴글대충 긴글대충 긴글대충 긴글대충 긴글대충 긴글대충 긴글대충 긴글대충 긴글대충 긴글대충 긴글대충 긴글대충 긴글대충 긴글대충 긴글대충 긴글대충 긴글대충 긴글대충 긴글대충 긴글대충 긴글대충 긴글대충 긴글대충 긴글대충 긴글대충 긴글대충 긴글대충 긴글대충 긴글대충 긴글대충 긴글대충 긴글대충 긴글대충 긴글대충 긴글대충 긴글대충 긴글대충 긴글대충 긴글대충 긴글대충 긴글대충 긴글대충 긴글대충 긴글대충 긴글대충 긴글대충 긴글대충 긴글대충 긴글대충 긴글대충 긴글대충 긴글대충 긴글대충 긴글대충 긴글대충 긴글대충 긴글대충 긴글대충 긴글대충 긴글대충 긴글대충 긴글대충 긴글대충 긴글대충 긴글대충 긴글대충 긴글대충 긴글대충 긴글대충 긴글대충 긴글대충 긴글대충 긴글대충 긴글대충 긴글대충 긴글대충 긴글대충 긴글대충 긴글대충 긴글대충 긴글대충 긴글대충 긴글대충 긴글대충 긴글대충 긴글대충 긴글대충 긴글대충 긴글대충 긴글대충 긴글대충 긴글대충 긴글대충 긴글대충 긴글대충 긴글대충 긴글대충 긴글대충 긴글대충 긴글대충 긴글대충 긴글대충 긴글대충 긴글대충 긴글대충 긴글대충 긴글대충 긴글대충 긴글대충 긴글</p>','2023-04-27 10:04:47',0,'국내',0,'moon111',0,0),(1152,'나는 국내','<p>나는 국내</p><p><strong>나는 국내</strong></p><p><i><strong>나는 국내</strong></i></p>','2023-04-27 10:04:47',0,'국내',0,'hong1',0,0),(1153,'나는 해외','<p>나는 해외</p><p><strong>나는 해외</strong></p><ol><li><i><strong>나는 해외</strong></i></li></ol>','2023-04-27 10:04:47',0,'해외',0,'hong1',0,0),(1154,'나는 질문','<p>나는 질문</p>','2023-04-27 10:04:47',0,'질문',0,'hong1',0,0),(1155,'나는 자유','<p>나는 자유</p>','2023-04-27 10:04:47',0,'자유',0,'hong1',0,0),(1156,'나는 국내','<p>나는 국내</p>','2023-04-27 10:04:47',0,'국내',0,'moon111',0,0),(1157,'나는 해외','<p>나는 해외</p>','2023-04-27 10:04:47',0,'해외',0,'moon111',0,0),(1158,'나는 질문','<p>나는 질문</p>','2023-04-27 10:04:47',0,'질문',0,'moon111',0,0),(1159,'나는 자유','<p>나는 자유</p>','2023-04-27 10:04:47',0,'자유',0,'moon111',0,0),(1160,'대충 긴글','<p>대충 긴글대충 긴글대충 긴글대충 긴글대충 긴글대충 긴글대충 긴글대충 긴글대충 긴글대충 긴글대충 긴글대충 긴글대충 긴글대충 긴글대충 긴글대충 긴글대충 긴글대충 긴글대충 긴글대충 긴글대충 긴글대충 긴글대충 긴글대충 긴글대충 긴글대충 긴글대충 긴글대충 긴글대충 긴글대충 긴글대충 긴글대충 긴글대충 긴글대충 긴글대충 긴글대충 긴글대충 긴글대충 긴글대충 긴글대충 긴글대충 긴글대충 긴글대충 긴글대충 긴글대충 긴글대충 긴글대충 긴글대충 긴글대충 긴글대충 긴글대충 긴글대충 긴글대충 긴글대충 긴글대충 긴글대충 긴글대충 긴글대충 긴글대충 긴글대충 긴글대충 긴글대충 긴글대충 긴글대충 긴글대충 긴글대충 긴글대충 긴글대충 긴글대충 긴글대충 긴글대충 긴글대충 긴글대충 긴글대충 긴글대충 긴글대충 긴글대충 긴글대충 긴글대충 긴글대충 긴글대충 긴글대충 긴글대충 긴글대충 긴글대충 긴글대충 긴글대충 긴글대충 긴글대충 긴글대충 긴글대충 긴글대충 긴글대충 긴글대충 긴글대충 긴글대충 긴글대충 긴글대충 긴글대충 긴글대충 긴글대충 긴글대충 긴글대충 긴글대충 긴글대충 긴글대충 긴글대충 긴글대충 긴글대충 긴글대충 긴글대충 긴글대충 긴글대충 긴글대충 긴글대충 긴글대충 긴글대충 긴글대충 긴글대충 긴글대충 긴글대충 긴글대충 긴글대충 긴글대충 긴글대충 긴글대충 긴글대충 긴글대충 긴글대충 긴글대충 긴글대충 긴글대충 긴글대충 긴글대충 긴글대충 긴글대충 긴글대충 긴글대충 긴글대충 긴글대충 긴글대충 긴글대충 긴글대충 긴글대충 긴글대충 긴글대충 긴글대충 긴글대충 긴글대충 긴글대충 긴글대충 긴글대충 긴글대충 긴글대충 긴글대충 긴글대충 긴글대충 긴글대충 긴글대충 긴글대충 긴글대충 긴글대충 긴글대충 긴글대충 긴글대충 긴글대충 긴글대충 긴글대충 긴글대충 긴글대충 긴글대충 긴글대충 긴글대충 긴글대충 긴글대충 긴글대충 긴글대충 긴글대충 긴글대충 긴글대충 긴글대충 긴글대충 긴글대충 긴글대충 긴글대충 긴글대충 긴글대충 긴글대충 긴글대충 긴글대충 긴글대충 긴글대충 긴글대충 긴글대충 긴글대충 긴글대충 긴글대충 긴글대충 긴글대충 긴글대충 긴글대충 긴글대충 긴글대충 긴글대충 긴글대충 긴글대충 긴글대충 긴글대충 긴글대충 긴글대충 긴글대충 긴글대충 긴글대충 긴글대충 긴글대충 긴글대충 긴글대충 긴글대충 긴글대충 긴글대충 긴글대충 긴글대충 긴글대충 긴글대충 긴글대충 긴글대충 긴글대충 긴글대충 긴글대충 긴글대충 긴글대충 긴글대충 긴글대충 긴글대충 긴글대충 긴글대충 긴글대충 긴글대충 긴글대충 긴글대충 긴글대충 긴글대충 긴글대충 긴글대충 긴글대충 긴글대충 긴글대충 긴글대충 긴글대충 긴글대충 긴글대충 긴글대충 긴글대충 긴글대충 긴글대충 긴글대충 긴글대충 긴글대충 긴글대충 긴글대충 긴글대충 긴글대충 긴글대충 긴글대충 긴글대충 긴글대충 긴글대충 긴글대충 긴글대충 긴글대충 긴글대충 긴글</p>','2023-04-27 10:04:47',4,'국내',0,'moon111',0,0),(1161,'나는 국내','<p>나는 국내</p><p><strong>나는 국내</strong></p><p><i><strong>나는 국내</strong></i></p>','2023-04-27 10:04:47',1,'국내',0,'hong1',0,0),(1162,'나는 해외','<p>나는 해외</p><p><strong>나는 해외</strong></p><ol><li><i><strong>나는 해외</strong></i></li></ol>','2023-04-27 10:04:47',0,'해외',0,'hong1',0,0),(1163,'나는 질문','<p>나는 질문</p>','2023-04-27 10:04:47',0,'질문',0,'hong1',0,0),(1164,'나는 자유','<p>나는 자유</p>','2023-04-27 10:04:47',0,'자유',0,'hong1',0,0),(1165,'나는 국내','<p>나는 국내</p>','2023-04-27 10:04:47',0,'국내',0,'moon111',0,0),(1166,'나는 해외','<p>나는 해외</p>','2023-04-27 10:04:47',0,'해외',0,'moon111',0,0),(1167,'나는 질문','<p>나는 질문</p>','2023-04-27 10:04:47',0,'질문',0,'moon111',0,0),(1168,'나는 자유','<p>나는 자유</p>','2023-04-27 10:04:47',0,'자유',0,'moon111',0,0),(1169,'대충 긴글','<p>대충 긴글대충 긴글대충 긴글대충 긴글대충 긴글대충 긴글대충 긴글대충 긴글대충 긴글대충 긴글대충 긴글대충 긴글대충 긴글대충 긴글대충 긴글대충 긴글대충 긴글대충 긴글대충 긴글대충 긴글대충 긴글대충 긴글대충 긴글대충 긴글대충 긴글대충 긴글대충 긴글대충 긴글대충 긴글대충 긴글대충 긴글대충 긴글대충 긴글대충 긴글대충 긴글대충 긴글대충 긴글대충 긴글대충 긴글대충 긴글대충 긴글대충 긴글대충 긴글대충 긴글대충 긴글대충 긴글대충 긴글대충 긴글대충 긴글대충 긴글대충 긴글대충 긴글대충 긴글대충 긴글대충 긴글대충 긴글대충 긴글대충 긴글대충 긴글대충 긴글대충 긴글대충 긴글대충 긴글대충 긴글대충 긴글대충 긴글대충 긴글대충 긴글대충 긴글대충 긴글대충 긴글대충 긴글대충 긴글대충 긴글대충 긴글대충 긴글대충 긴글대충 긴글대충 긴글대충 긴글대충 긴글대충 긴글대충 긴글대충 긴글대충 긴글대충 긴글대충 긴글대충 긴글대충 긴글대충 긴글대충 긴글대충 긴글대충 긴글대충 긴글대충 긴글대충 긴글대충 긴글대충 긴글대충 긴글대충 긴글대충 긴글대충 긴글대충 긴글대충 긴글대충 긴글대충 긴글대충 긴글대충 긴글대충 긴글대충 긴글대충 긴글대충 긴글대충 긴글대충 긴글대충 긴글대충 긴글대충 긴글대충 긴글대충 긴글대충 긴글대충 긴글대충 긴글대충 긴글대충 긴글대충 긴글대충 긴글대충 긴글대충 긴글대충 긴글대충 긴글대충 긴글대충 긴글대충 긴글대충 긴글대충 긴글대충 긴글대충 긴글대충 긴글대충 긴글대충 긴글대충 긴글대충 긴글대충 긴글대충 긴글대충 긴글대충 긴글대충 긴글대충 긴글대충 긴글대충 긴글대충 긴글대충 긴글대충 긴글대충 긴글대충 긴글대충 긴글대충 긴글대충 긴글대충 긴글대충 긴글대충 긴글대충 긴글대충 긴글대충 긴글대충 긴글대충 긴글대충 긴글대충 긴글대충 긴글대충 긴글대충 긴글대충 긴글대충 긴글대충 긴글대충 긴글대충 긴글대충 긴글대충 긴글대충 긴글대충 긴글대충 긴글대충 긴글대충 긴글대충 긴글대충 긴글대충 긴글대충 긴글대충 긴글대충 긴글대충 긴글대충 긴글대충 긴글대충 긴글대충 긴글대충 긴글대충 긴글대충 긴글대충 긴글대충 긴글대충 긴글대충 긴글대충 긴글대충 긴글대충 긴글대충 긴글대충 긴글대충 긴글대충 긴글대충 긴글대충 긴글대충 긴글대충 긴글대충 긴글대충 긴글대충 긴글대충 긴글대충 긴글대충 긴글대충 긴글대충 긴글대충 긴글대충 긴글대충 긴글대충 긴글대충 긴글대충 긴글대충 긴글대충 긴글대충 긴글대충 긴글대충 긴글대충 긴글대충 긴글대충 긴글대충 긴글대충 긴글대충 긴글대충 긴글대충 긴글대충 긴글대충 긴글대충 긴글대충 긴글대충 긴글대충 긴글대충 긴글대충 긴글대충 긴글대충 긴글대충 긴글대충 긴글대충 긴글대충 긴글대충 긴글대충 긴글대충 긴글대충 긴글대충 긴글대충 긴글대충 긴글대충 긴글대충 긴글대충 긴글대충 긴글대충 긴글대충 긴글대충 긴글대충 긴글대충 긴글대충 긴글대충 긴글</p>','2023-04-27 10:04:47',0,'국내',0,'moon111',0,0),(1170,'나는 국내','<p>나는 국내</p><p><strong>나는 국내</strong></p><p><i><strong>나는 국내</strong></i></p>','2023-04-27 10:04:47',0,'국내',0,'hong1',0,0),(1171,'나는 해외','<p>나는 해외</p><p><strong>나는 해외</strong></p><ol><li><i><strong>나는 해외</strong></i></li></ol>','2023-04-27 10:04:47',0,'해외',0,'hong1',0,0),(1172,'나는 질문','<p>나는 질문</p>','2023-04-27 10:04:47',0,'질문',0,'hong1',0,0),(1173,'나는 자유','<p>나는 자유</p>','2023-04-27 10:04:47',0,'자유',0,'hong1',0,0),(1174,'나는 국내','<p>나는 국내</p>','2023-04-27 10:04:47',0,'국내',0,'moon111',0,0),(1175,'나는 해외','<p>나는 해외</p>','2023-04-27 10:04:47',0,'해외',0,'moon111',0,0),(1176,'나는 질문','<p>나는 질문</p>','2023-04-27 10:04:47',0,'질문',0,'moon111',0,0),(1177,'나는 자유','<p>나는 자유</p>','2023-04-27 10:04:47',0,'자유',0,'moon111',0,0),(1178,'대충 긴글','<p>대충 긴글대충 긴글대충 긴글대충 긴글대충 긴글대충 긴글대충 긴글대충 긴글대충 긴글대충 긴글대충 긴글대충 긴글대충 긴글대충 긴글대충 긴글대충 긴글대충 긴글대충 긴글대충 긴글대충 긴글대충 긴글대충 긴글대충 긴글대충 긴글대충 긴글대충 긴글대충 긴글대충 긴글대충 긴글대충 긴글대충 긴글대충 긴글대충 긴글대충 긴글대충 긴글대충 긴글대충 긴글대충 긴글대충 긴글대충 긴글대충 긴글대충 긴글대충 긴글대충 긴글대충 긴글대충 긴글대충 긴글대충 긴글대충 긴글대충 긴글대충 긴글대충 긴글대충 긴글대충 긴글대충 긴글대충 긴글대충 긴글대충 긴글대충 긴글대충 긴글대충 긴글대충 긴글대충 긴글대충 긴글대충 긴글대충 긴글대충 긴글대충 긴글대충 긴글대충 긴글대충 긴글대충 긴글대충 긴글대충 긴글대충 긴글대충 긴글대충 긴글대충 긴글대충 긴글대충 긴글대충 긴글대충 긴글대충 긴글대충 긴글대충 긴글대충 긴글대충 긴글대충 긴글대충 긴글대충 긴글대충 긴글대충 긴글대충 긴글대충 긴글대충 긴글대충 긴글대충 긴글대충 긴글대충 긴글대충 긴글대충 긴글대충 긴글대충 긴글대충 긴글대충 긴글대충 긴글대충 긴글대충 긴글대충 긴글대충 긴글대충 긴글대충 긴글대충 긴글대충 긴글대충 긴글대충 긴글대충 긴글대충 긴글대충 긴글대충 긴글대충 긴글대충 긴글대충 긴글대충 긴글대충 긴글대충 긴글대충 긴글대충 긴글대충 긴글대충 긴글대충 긴글대충 긴글대충 긴글대충 긴글대충 긴글대충 긴글대충 긴글대충 긴글대충 긴글대충 긴글대충 긴글대충 긴글대충 긴글대충 긴글대충 긴글대충 긴글대충 긴글대충 긴글대충 긴글대충 긴글대충 긴글대충 긴글대충 긴글대충 긴글대충 긴글대충 긴글대충 긴글대충 긴글대충 긴글대충 긴글대충 긴글대충 긴글대충 긴글대충 긴글대충 긴글대충 긴글대충 긴글대충 긴글대충 긴글대충 긴글대충 긴글대충 긴글대충 긴글대충 긴글대충 긴글대충 긴글대충 긴글대충 긴글대충 긴글대충 긴글대충 긴글대충 긴글대충 긴글대충 긴글대충 긴글대충 긴글대충 긴글대충 긴글대충 긴글대충 긴글대충 긴글대충 긴글대충 긴글대충 긴글대충 긴글대충 긴글대충 긴글대충 긴글대충 긴글대충 긴글대충 긴글대충 긴글대충 긴글대충 긴글대충 긴글대충 긴글대충 긴글대충 긴글대충 긴글대충 긴글대충 긴글대충 긴글대충 긴글대충 긴글대충 긴글대충 긴글대충 긴글대충 긴글대충 긴글대충 긴글대충 긴글대충 긴글대충 긴글대충 긴글대충 긴글대충 긴글대충 긴글대충 긴글대충 긴글대충 긴글대충 긴글대충 긴글대충 긴글대충 긴글대충 긴글대충 긴글대충 긴글대충 긴글대충 긴글대충 긴글대충 긴글대충 긴글대충 긴글대충 긴글대충 긴글대충 긴글대충 긴글대충 긴글대충 긴글대충 긴글대충 긴글대충 긴글대충 긴글대충 긴글대충 긴글대충 긴글대충 긴글대충 긴글대충 긴글대충 긴글대충 긴글대충 긴글대충 긴글대충 긴글대충 긴글대충 긴글대충 긴글대충 긴글대충 긴글대충 긴글대충 긴글</p>','2023-04-27 10:04:47',0,'국내',0,'moon111',0,0),(1179,'나는 국내','<p>나는 국내</p><p><strong>나는 국내</strong></p><p><i><strong>나는 국내</strong></i></p>','2023-04-27 10:04:47',0,'국내',0,'hong1',0,0),(1180,'나는 해외','<p>나는 해외</p><p><strong>나는 해외</strong></p><ol><li><i><strong>나는 해외</strong></i></li></ol>','2023-04-27 10:04:47',0,'해외',0,'hong1',0,0),(1181,'나는 질문','<p>나는 질문</p>','2023-04-27 10:04:47',0,'질문',0,'hong1',0,0),(1182,'나는 자유','<p>나는 자유</p>','2023-04-27 10:04:47',0,'자유',0,'hong1',0,0),(1183,'나는 국내','<p>나는 국내</p>','2023-04-27 10:04:47',0,'국내',0,'moon111',0,0),(1184,'나는 해외','<p>나는 해외</p>','2023-04-27 10:04:47',0,'해외',0,'moon111',0,0),(1185,'나는 질문','<p>나는 질문</p>','2023-04-27 10:04:47',0,'질문',0,'moon111',0,0),(1186,'나는 자유','<p>나는 자유</p>','2023-04-27 10:04:47',0,'자유',0,'moon111',0,0),(1187,'대충 긴글','<p>대충 긴글대충 긴글대충 긴글대충 긴글대충 긴글대충 긴글대충 긴글대충 긴글대충 긴글대충 긴글대충 긴글대충 긴글대충 긴글대충 긴글대충 긴글대충 긴글대충 긴글대충 긴글대충 긴글대충 긴글대충 긴글대충 긴글대충 긴글대충 긴글대충 긴글대충 긴글대충 긴글대충 긴글대충 긴글대충 긴글대충 긴글대충 긴글대충 긴글대충 긴글대충 긴글대충 긴글대충 긴글대충 긴글대충 긴글대충 긴글대충 긴글대충 긴글대충 긴글대충 긴글대충 긴글대충 긴글대충 긴글대충 긴글대충 긴글대충 긴글대충 긴글대충 긴글대충 긴글대충 긴글대충 긴글대충 긴글대충 긴글대충 긴글대충 긴글대충 긴글대충 긴글대충 긴글대충 긴글대충 긴글대충 긴글대충 긴글대충 긴글대충 긴글대충 긴글대충 긴글대충 긴글대충 긴글대충 긴글대충 긴글대충 긴글대충 긴글대충 긴글대충 긴글대충 긴글대충 긴글대충 긴글대충 긴글대충 긴글대충 긴글대충 긴글대충 긴글대충 긴글대충 긴글대충 긴글대충 긴글대충 긴글대충 긴글대충 긴글대충 긴글대충 긴글대충 긴글대충 긴글대충 긴글대충 긴글대충 긴글대충 긴글대충 긴글대충 긴글대충 긴글대충 긴글대충 긴글대충 긴글대충 긴글대충 긴글대충 긴글대충 긴글대충 긴글대충 긴글대충 긴글대충 긴글대충 긴글대충 긴글대충 긴글대충 긴글대충 긴글대충 긴글대충 긴글대충 긴글대충 긴글대충 긴글대충 긴글대충 긴글대충 긴글대충 긴글대충 긴글대충 긴글대충 긴글대충 긴글대충 긴글대충 긴글대충 긴글대충 긴글대충 긴글대충 긴글대충 긴글대충 긴글대충 긴글대충 긴글대충 긴글대충 긴글대충 긴글대충 긴글대충 긴글대충 긴글대충 긴글대충 긴글대충 긴글대충 긴글대충 긴글대충 긴글대충 긴글대충 긴글대충 긴글대충 긴글대충 긴글대충 긴글대충 긴글대충 긴글대충 긴글대충 긴글대충 긴글대충 긴글대충 긴글대충 긴글대충 긴글대충 긴글대충 긴글대충 긴글대충 긴글대충 긴글대충 긴글대충 긴글대충 긴글대충 긴글대충 긴글대충 긴글대충 긴글대충 긴글대충 긴글대충 긴글대충 긴글대충 긴글대충 긴글대충 긴글대충 긴글대충 긴글대충 긴글대충 긴글대충 긴글대충 긴글대충 긴글대충 긴글대충 긴글대충 긴글대충 긴글대충 긴글대충 긴글대충 긴글대충 긴글대충 긴글대충 긴글대충 긴글대충 긴글대충 긴글대충 긴글대충 긴글대충 긴글대충 긴글대충 긴글대충 긴글대충 긴글대충 긴글대충 긴글대충 긴글대충 긴글대충 긴글대충 긴글대충 긴글대충 긴글대충 긴글대충 긴글대충 긴글대충 긴글대충 긴글대충 긴글대충 긴글대충 긴글대충 긴글대충 긴글대충 긴글대충 긴글대충 긴글대충 긴글대충 긴글대충 긴글대충 긴글대충 긴글대충 긴글대충 긴글대충 긴글대충 긴글대충 긴글대충 긴글대충 긴글대충 긴글대충 긴글대충 긴글대충 긴글대충 긴글대충 긴글대충 긴글대충 긴글대충 긴글대충 긴글대충 긴글대충 긴글대충 긴글대충 긴글대충 긴글대충 긴글대충 긴글대충 긴글대충 긴글대충 긴글대충 긴글대충 긴글</p>','2023-04-27 10:04:47',0,'국내',0,'moon111',0,0),(1188,'나는 국내','<p>나는 국내</p><p><strong>나는 국내</strong></p><p><i><strong>나는 국내</strong></i></p>','2023-04-27 10:04:47',0,'국내',0,'hong1',0,0),(1189,'나는 해외','<p>나는 해외</p><p><strong>나는 해외</strong></p><ol><li><i><strong>나는 해외</strong></i></li></ol>','2023-04-27 10:04:47',0,'해외',0,'hong1',0,0),(1190,'나는 질문','<p>나는 질문</p>','2023-04-27 10:04:47',0,'질문',0,'hong1',0,0),(1191,'나는 자유','<p>나는 자유</p>','2023-04-27 10:04:47',0,'자유',0,'hong1',0,0),(1192,'나는 국내','<p>나는 국내</p>','2023-04-27 10:04:47',0,'국내',0,'moon111',0,0),(1193,'나는 해외','<p>나는 해외</p>','2023-04-27 10:04:47',0,'해외',0,'moon111',0,0),(1194,'나는 질문','<p>나는 질문</p>','2023-04-27 10:04:47',0,'질문',0,'moon111',0,0),(1195,'나는 자유','<p>나는 자유</p>','2023-04-27 10:04:47',0,'자유',0,'moon111',0,0),(1196,'대충 긴글','<p>대충 긴글대충 긴글대충 긴글대충 긴글대충 긴글대충 긴글대충 긴글대충 긴글대충 긴글대충 긴글대충 긴글대충 긴글대충 긴글대충 긴글대충 긴글대충 긴글대충 긴글대충 긴글대충 긴글대충 긴글대충 긴글대충 긴글대충 긴글대충 긴글대충 긴글대충 긴글대충 긴글대충 긴글대충 긴글대충 긴글대충 긴글대충 긴글대충 긴글대충 긴글대충 긴글대충 긴글대충 긴글대충 긴글대충 긴글대충 긴글대충 긴글대충 긴글대충 긴글대충 긴글대충 긴글대충 긴글대충 긴글대충 긴글대충 긴글대충 긴글대충 긴글대충 긴글대충 긴글대충 긴글대충 긴글대충 긴글대충 긴글대충 긴글대충 긴글대충 긴글대충 긴글대충 긴글대충 긴글대충 긴글대충 긴글대충 긴글대충 긴글대충 긴글대충 긴글대충 긴글대충 긴글대충 긴글대충 긴글대충 긴글대충 긴글대충 긴글대충 긴글대충 긴글대충 긴글대충 긴글대충 긴글대충 긴글대충 긴글대충 긴글대충 긴글대충 긴글대충 긴글대충 긴글대충 긴글대충 긴글대충 긴글대충 긴글대충 긴글대충 긴글대충 긴글대충 긴글대충 긴글대충 긴글대충 긴글대충 긴글대충 긴글대충 긴글대충 긴글대충 긴글대충 긴글대충 긴글대충 긴글대충 긴글대충 긴글대충 긴글대충 긴글대충 긴글대충 긴글대충 긴글대충 긴글대충 긴글대충 긴글대충 긴글대충 긴글대충 긴글대충 긴글대충 긴글대충 긴글대충 긴글대충 긴글대충 긴글대충 긴글대충 긴글대충 긴글대충 긴글대충 긴글대충 긴글대충 긴글대충 긴글대충 긴글대충 긴글대충 긴글대충 긴글대충 긴글대충 긴글대충 긴글대충 긴글대충 긴글대충 긴글대충 긴글대충 긴글대충 긴글대충 긴글대충 긴글대충 긴글대충 긴글대충 긴글대충 긴글대충 긴글대충 긴글대충 긴글대충 긴글대충 긴글대충 긴글대충 긴글대충 긴글대충 긴글대충 긴글대충 긴글대충 긴글대충 긴글대충 긴글대충 긴글대충 긴글대충 긴글대충 긴글대충 긴글대충 긴글대충 긴글대충 긴글대충 긴글대충 긴글대충 긴글대충 긴글대충 긴글대충 긴글대충 긴글대충 긴글대충 긴글대충 긴글대충 긴글대충 긴글대충 긴글대충 긴글대충 긴글대충 긴글대충 긴글대충 긴글대충 긴글대충 긴글대충 긴글대충 긴글대충 긴글대충 긴글대충 긴글대충 긴글대충 긴글대충 긴글대충 긴글대충 긴글대충 긴글대충 긴글대충 긴글대충 긴글대충 긴글대충 긴글대충 긴글대충 긴글대충 긴글대충 긴글대충 긴글대충 긴글대충 긴글대충 긴글대충 긴글대충 긴글대충 긴글대충 긴글대충 긴글대충 긴글대충 긴글대충 긴글대충 긴글대충 긴글대충 긴글대충 긴글대충 긴글대충 긴글대충 긴글대충 긴글대충 긴글대충 긴글대충 긴글대충 긴글대충 긴글대충 긴글대충 긴글대충 긴글대충 긴글대충 긴글대충 긴글대충 긴글대충 긴글대충 긴글대충 긴글대충 긴글대충 긴글대충 긴글대충 긴글대충 긴글대충 긴글대충 긴글대충 긴글대충 긴글대충 긴글대충 긴글대충 긴글대충 긴글대충 긴글대충 긴글대충 긴글대충 긴글대충 긴글대충 긴글대충 긴글대충 긴글</p>','2023-04-27 10:04:47',0,'국내',0,'moon111',0,0),(1252,'나는 국내','<p>나는 국내</p><p><strong>나는 국내</strong></p><p><i><strong>나는 국내</strong></i></p>','2023-04-27 10:04:47',0,'국내',0,'hong1',0,0),(1253,'나는 해외','<p>나는 해외</p><p><strong>나는 해외</strong></p><ol><li><i><strong>나는 해외</strong></i></li></ol>','2023-04-27 10:04:47',0,'해외',0,'hong1',0,0),(1254,'나는 질문','<p>나는 질문</p>','2023-04-27 10:04:47',0,'질문',0,'hong1',0,0),(1255,'나는 자유','<p>나는 자유</p>','2023-04-27 10:04:47',0,'자유',0,'hong1',0,0),(1256,'나는 국내','<p>나는 국내</p>','2023-04-27 10:04:47',0,'국내',0,'moon111',0,0),(1257,'나는 해외','<p>나는 해외</p>','2023-04-27 10:04:47',0,'해외',0,'moon111',0,0),(1258,'나는 질문','<p>나는 질문</p>','2023-04-27 10:04:47',0,'질문',0,'moon111',0,0),(1259,'나는 자유','<p>나는 자유</p>','2023-04-27 10:04:47',0,'자유',0,'moon111',0,0),(1260,'대충 긴글','<p>대충 긴글대충 긴글대충 긴글대충 긴글대충 긴글대충 긴글대충 긴글대충 긴글대충 긴글대충 긴글대충 긴글대충 긴글대충 긴글대충 긴글대충 긴글대충 긴글대충 긴글대충 긴글대충 긴글대충 긴글대충 긴글대충 긴글대충 긴글대충 긴글대충 긴글대충 긴글대충 긴글대충 긴글대충 긴글대충 긴글대충 긴글대충 긴글대충 긴글대충 긴글대충 긴글대충 긴글대충 긴글대충 긴글대충 긴글대충 긴글대충 긴글대충 긴글대충 긴글대충 긴글대충 긴글대충 긴글대충 긴글대충 긴글대충 긴글대충 긴글대충 긴글대충 긴글대충 긴글대충 긴글대충 긴글대충 긴글대충 긴글대충 긴글대충 긴글대충 긴글대충 긴글대충 긴글대충 긴글대충 긴글대충 긴글대충 긴글대충 긴글대충 긴글대충 긴글대충 긴글대충 긴글대충 긴글대충 긴글대충 긴글대충 긴글대충 긴글대충 긴글대충 긴글대충 긴글대충 긴글대충 긴글대충 긴글대충 긴글대충 긴글대충 긴글대충 긴글대충 긴글대충 긴글대충 긴글대충 긴글대충 긴글대충 긴글대충 긴글대충 긴글대충 긴글대충 긴글대충 긴글대충 긴글대충 긴글대충 긴글대충 긴글대충 긴글대충 긴글대충 긴글대충 긴글대충 긴글대충 긴글대충 긴글대충 긴글대충 긴글대충 긴글대충 긴글대충 긴글대충 긴글대충 긴글대충 긴글대충 긴글대충 긴글대충 긴글대충 긴글대충 긴글대충 긴글대충 긴글대충 긴글대충 긴글대충 긴글대충 긴글대충 긴글대충 긴글대충 긴글대충 긴글대충 긴글대충 긴글대충 긴글대충 긴글대충 긴글대충 긴글대충 긴글대충 긴글대충 긴글대충 긴글대충 긴글대충 긴글대충 긴글대충 긴글대충 긴글대충 긴글대충 긴글대충 긴글대충 긴글대충 긴글대충 긴글대충 긴글대충 긴글대충 긴글대충 긴글대충 긴글대충 긴글대충 긴글대충 긴글대충 긴글대충 긴글대충 긴글대충 긴글대충 긴글대충 긴글대충 긴글대충 긴글대충 긴글대충 긴글대충 긴글대충 긴글대충 긴글대충 긴글대충 긴글대충 긴글대충 긴글대충 긴글대충 긴글대충 긴글대충 긴글대충 긴글대충 긴글대충 긴글대충 긴글대충 긴글대충 긴글대충 긴글대충 긴글대충 긴글대충 긴글대충 긴글대충 긴글대충 긴글대충 긴글대충 긴글대충 긴글대충 긴글대충 긴글대충 긴글대충 긴글대충 긴글대충 긴글대충 긴글대충 긴글대충 긴글대충 긴글대충 긴글대충 긴글대충 긴글대충 긴글대충 긴글대충 긴글대충 긴글대충 긴글대충 긴글대충 긴글대충 긴글대충 긴글대충 긴글대충 긴글대충 긴글대충 긴글대충 긴글대충 긴글대충 긴글대충 긴글대충 긴글대충 긴글대충 긴글대충 긴글대충 긴글대충 긴글대충 긴글대충 긴글대충 긴글대충 긴글대충 긴글대충 긴글대충 긴글대충 긴글대충 긴글대충 긴글대충 긴글대충 긴글대충 긴글대충 긴글대충 긴글대충 긴글대충 긴글대충 긴글대충 긴글대충 긴글대충 긴글대충 긴글대충 긴글대충 긴글대충 긴글대충 긴글대충 긴글대충 긴글대충 긴글대충 긴글대충 긴글대충 긴글대충 긴글대충 긴글대충 긴글대충 긴글대충 긴글대충 긴글</p>','2023-04-27 10:04:47',0,'국내',0,'moon111',0,0),(1261,'나는 국내','<p>나는 국내</p><p><strong>나는 국내</strong></p><p><i><strong>나는 국내</strong></i></p>','2023-04-27 10:04:47',0,'국내',0,'hong1',0,0),(1262,'나는 해외','<p>나는 해외</p><p><strong>나는 해외</strong></p><ol><li><i><strong>나는 해외</strong></i></li></ol>','2023-04-27 10:04:47',0,'해외',0,'hong1',0,0),(1263,'나는 질문','<p>나는 질문</p>','2023-04-27 10:04:47',0,'질문',0,'hong1',0,0),(1264,'나는 자유','<p>나는 자유</p>','2023-04-27 10:04:47',0,'자유',0,'hong1',0,0),(1265,'나는 국내','<p>나는 국내</p>','2023-04-27 10:04:47',0,'국내',0,'moon111',0,0),(1266,'나는 해외','<p>나는 해외</p>','2023-04-27 10:04:47',0,'해외',0,'moon111',0,0),(1267,'나는 질문','<p>나는 질문</p>','2023-04-27 10:04:47',0,'질문',0,'moon111',0,0),(1268,'나는 자유','<p>나는 자유</p>','2023-04-27 10:04:47',0,'자유',0,'moon111',0,0),(1269,'대충 긴글','<p>대충 긴글대충 긴글대충 긴글대충 긴글대충 긴글대충 긴글대충 긴글대충 긴글대충 긴글대충 긴글대충 긴글대충 긴글대충 긴글대충 긴글대충 긴글대충 긴글대충 긴글대충 긴글대충 긴글대충 긴글대충 긴글대충 긴글대충 긴글대충 긴글대충 긴글대충 긴글대충 긴글대충 긴글대충 긴글대충 긴글대충 긴글대충 긴글대충 긴글대충 긴글대충 긴글대충 긴글대충 긴글대충 긴글대충 긴글대충 긴글대충 긴글대충 긴글대충 긴글대충 긴글대충 긴글대충 긴글대충 긴글대충 긴글대충 긴글대충 긴글대충 긴글대충 긴글대충 긴글대충 긴글대충 긴글대충 긴글대충 긴글대충 긴글대충 긴글대충 긴글대충 긴글대충 긴글대충 긴글대충 긴글대충 긴글대충 긴글대충 긴글대충 긴글대충 긴글대충 긴글대충 긴글대충 긴글대충 긴글대충 긴글대충 긴글대충 긴글대충 긴글대충 긴글대충 긴글대충 긴글대충 긴글대충 긴글대충 긴글대충 긴글대충 긴글대충 긴글대충 긴글대충 긴글대충 긴글대충 긴글대충 긴글대충 긴글대충 긴글대충 긴글대충 긴글대충 긴글대충 긴글대충 긴글대충 긴글대충 긴글대충 긴글대충 긴글대충 긴글대충 긴글대충 긴글대충 긴글대충 긴글대충 긴글대충 긴글대충 긴글대충 긴글대충 긴글대충 긴글대충 긴글대충 긴글대충 긴글대충 긴글대충 긴글대충 긴글대충 긴글대충 긴글대충 긴글대충 긴글대충 긴글대충 긴글대충 긴글대충 긴글대충 긴글대충 긴글대충 긴글대충 긴글대충 긴글대충 긴글대충 긴글대충 긴글대충 긴글대충 긴글대충 긴글대충 긴글대충 긴글대충 긴글대충 긴글대충 긴글대충 긴글대충 긴글대충 긴글대충 긴글대충 긴글대충 긴글대충 긴글대충 긴글대충 긴글대충 긴글대충 긴글대충 긴글대충 긴글대충 긴글대충 긴글대충 긴글대충 긴글대충 긴글대충 긴글대충 긴글대충 긴글대충 긴글대충 긴글대충 긴글대충 긴글대충 긴글대충 긴글대충 긴글대충 긴글대충 긴글대충 긴글대충 긴글대충 긴글대충 긴글대충 긴글대충 긴글대충 긴글대충 긴글대충 긴글대충 긴글대충 긴글대충 긴글대충 긴글대충 긴글대충 긴글대충 긴글대충 긴글대충 긴글대충 긴글대충 긴글대충 긴글대충 긴글대충 긴글대충 긴글대충 긴글대충 긴글대충 긴글대충 긴글대충 긴글대충 긴글대충 긴글대충 긴글대충 긴글대충 긴글대충 긴글대충 긴글대충 긴글대충 긴글대충 긴글대충 긴글대충 긴글대충 긴글대충 긴글대충 긴글대충 긴글대충 긴글대충 긴글대충 긴글대충 긴글대충 긴글대충 긴글대충 긴글대충 긴글대충 긴글대충 긴글대충 긴글대충 긴글대충 긴글대충 긴글대충 긴글대충 긴글대충 긴글대충 긴글대충 긴글대충 긴글대충 긴글대충 긴글대충 긴글대충 긴글대충 긴글대충 긴글대충 긴글대충 긴글대충 긴글대충 긴글대충 긴글대충 긴글대충 긴글대충 긴글대충 긴글대충 긴글대충 긴글대충 긴글대충 긴글대충 긴글대충 긴글대충 긴글대충 긴글대충 긴글대충 긴글대충 긴글대충 긴글대충 긴글대충 긴글대충 긴글대충 긴글대충 긴글대충 긴글</p>','2023-04-27 10:04:47',0,'국내',0,'moon111',0,0),(1270,'나는 국내','<p>나는 국내</p><p><strong>나는 국내</strong></p><p><i><strong>나는 국내</strong></i></p>','2023-04-27 10:04:47',0,'국내',0,'hong1',0,0),(1271,'나는 해외','<p>나는 해외</p><p><strong>나는 해외</strong></p><ol><li><i><strong>나는 해외</strong></i></li></ol>','2023-04-27 10:04:47',0,'해외',0,'hong1',0,0),(1272,'나는 질문','<p>나는 질문</p>','2023-04-27 10:04:47',0,'질문',0,'hong1',0,0),(1273,'나는 자유','<p>나는 자유</p>','2023-04-27 10:04:47',0,'자유',0,'hong1',0,0),(1274,'나는 국내','<p>나는 국내</p>','2023-04-27 10:04:47',0,'국내',0,'moon111',0,0),(1275,'나는 해외','<p>나는 해외</p>','2023-04-27 10:04:47',0,'해외',0,'moon111',0,0),(1276,'나는 질문','<p>나는 질문</p>','2023-04-27 10:04:47',0,'질문',0,'moon111',0,0),(1277,'나는 자유','<p>나는 자유</p>','2023-04-27 10:04:47',0,'자유',0,'moon111',0,0),(1278,'대충 긴글','<p>대충 긴글대충 긴글대충 긴글대충 긴글대충 긴글대충 긴글대충 긴글대충 긴글대충 긴글대충 긴글대충 긴글대충 긴글대충 긴글대충 긴글대충 긴글대충 긴글대충 긴글대충 긴글대충 긴글대충 긴글대충 긴글대충 긴글대충 긴글대충 긴글대충 긴글대충 긴글대충 긴글대충 긴글대충 긴글대충 긴글대충 긴글대충 긴글대충 긴글대충 긴글대충 긴글대충 긴글대충 긴글대충 긴글대충 긴글대충 긴글대충 긴글대충 긴글대충 긴글대충 긴글대충 긴글대충 긴글대충 긴글대충 긴글대충 긴글대충 긴글대충 긴글대충 긴글대충 긴글대충 긴글대충 긴글대충 긴글대충 긴글대충 긴글대충 긴글대충 긴글대충 긴글대충 긴글대충 긴글대충 긴글대충 긴글대충 긴글대충 긴글대충 긴글대충 긴글대충 긴글대충 긴글대충 긴글대충 긴글대충 긴글대충 긴글대충 긴글대충 긴글대충 긴글대충 긴글대충 긴글대충 긴글대충 긴글대충 긴글대충 긴글대충 긴글대충 긴글대충 긴글대충 긴글대충 긴글대충 긴글대충 긴글대충 긴글대충 긴글대충 긴글대충 긴글대충 긴글대충 긴글대충 긴글대충 긴글대충 긴글대충 긴글대충 긴글대충 긴글대충 긴글대충 긴글대충 긴글대충 긴글대충 긴글대충 긴글대충 긴글대충 긴글대충 긴글대충 긴글대충 긴글대충 긴글대충 긴글대충 긴글대충 긴글대충 긴글대충 긴글대충 긴글대충 긴글대충 긴글대충 긴글대충 긴글대충 긴글대충 긴글대충 긴글대충 긴글대충 긴글대충 긴글대충 긴글대충 긴글대충 긴글대충 긴글대충 긴글대충 긴글대충 긴글대충 긴글대충 긴글대충 긴글대충 긴글대충 긴글대충 긴글대충 긴글대충 긴글대충 긴글대충 긴글대충 긴글대충 긴글대충 긴글대충 긴글대충 긴글대충 긴글대충 긴글대충 긴글대충 긴글대충 긴글대충 긴글대충 긴글대충 긴글대충 긴글대충 긴글대충 긴글대충 긴글대충 긴글대충 긴글대충 긴글대충 긴글대충 긴글대충 긴글대충 긴글대충 긴글대충 긴글대충 긴글대충 긴글대충 긴글대충 긴글대충 긴글대충 긴글대충 긴글대충 긴글대충 긴글대충 긴글대충 긴글대충 긴글대충 긴글대충 긴글대충 긴글대충 긴글대충 긴글대충 긴글대충 긴글대충 긴글대충 긴글대충 긴글대충 긴글대충 긴글대충 긴글대충 긴글대충 긴글대충 긴글대충 긴글대충 긴글대충 긴글대충 긴글대충 긴글대충 긴글대충 긴글대충 긴글대충 긴글대충 긴글대충 긴글대충 긴글대충 긴글대충 긴글대충 긴글대충 긴글대충 긴글대충 긴글대충 긴글대충 긴글대충 긴글대충 긴글대충 긴글대충 긴글대충 긴글대충 긴글대충 긴글대충 긴글대충 긴글대충 긴글대충 긴글대충 긴글대충 긴글대충 긴글대충 긴글대충 긴글대충 긴글대충 긴글대충 긴글대충 긴글대충 긴글대충 긴글대충 긴글대충 긴글대충 긴글대충 긴글대충 긴글대충 긴글대충 긴글대충 긴글대충 긴글대충 긴글대충 긴글대충 긴글대충 긴글대충 긴글대충 긴글대충 긴글대충 긴글대충 긴글대충 긴글대충 긴글대충 긴글대충 긴글대충 긴글대충 긴글대충 긴글대충 긴글대충 긴글</p>','2023-04-27 10:04:47',0,'국내',0,'moon111',0,0),(1279,'나는 국내','<p>나는 국내</p><p><strong>나는 국내</strong></p><p><i><strong>나는 국내</strong></i></p>','2023-04-27 10:04:47',0,'국내',0,'hong1',0,0),(1280,'나는 해외','<p>나는 해외</p><p><strong>나는 해외</strong></p><ol><li><i><strong>나는 해외</strong></i></li></ol>','2023-04-27 10:04:47',0,'해외',0,'hong1',0,0),(1281,'나는 질문','<p>나는 질문</p>','2023-04-27 10:04:47',0,'질문',0,'hong1',0,0),(1282,'나는 자유','<p>나는 자유</p>','2023-04-27 10:04:47',0,'자유',0,'hong1',0,0),(1283,'나는 국내','<p>나는 국내</p>','2023-04-27 10:04:47',0,'국내',0,'moon111',0,0),(1284,'나는 해외','<p>나는 해외</p>','2023-04-27 10:04:47',0,'해외',0,'moon111',0,0),(1285,'나는 질문','<p>나는 질문</p>','2023-04-27 10:04:47',0,'질문',0,'moon111',0,0),(1286,'나는 자유','<p>나는 자유</p>','2023-04-27 10:04:47',0,'자유',0,'moon111',0,0),(1287,'대충 긴글','<p>대충 긴글대충 긴글대충 긴글대충 긴글대충 긴글대충 긴글대충 긴글대충 긴글대충 긴글대충 긴글대충 긴글대충 긴글대충 긴글대충 긴글대충 긴글대충 긴글대충 긴글대충 긴글대충 긴글대충 긴글대충 긴글대충 긴글대충 긴글대충 긴글대충 긴글대충 긴글대충 긴글대충 긴글대충 긴글대충 긴글대충 긴글대충 긴글대충 긴글대충 긴글대충 긴글대충 긴글대충 긴글대충 긴글대충 긴글대충 긴글대충 긴글대충 긴글대충 긴글대충 긴글대충 긴글대충 긴글대충 긴글대충 긴글대충 긴글대충 긴글대충 긴글대충 긴글대충 긴글대충 긴글대충 긴글대충 긴글대충 긴글대충 긴글대충 긴글대충 긴글대충 긴글대충 긴글대충 긴글대충 긴글대충 긴글대충 긴글대충 긴글대충 긴글대충 긴글대충 긴글대충 긴글대충 긴글대충 긴글대충 긴글대충 긴글대충 긴글대충 긴글대충 긴글대충 긴글대충 긴글대충 긴글대충 긴글대충 긴글대충 긴글대충 긴글대충 긴글대충 긴글대충 긴글대충 긴글대충 긴글대충 긴글대충 긴글대충 긴글대충 긴글대충 긴글대충 긴글대충 긴글대충 긴글대충 긴글대충 긴글대충 긴글대충 긴글대충 긴글대충 긴글대충 긴글대충 긴글대충 긴글대충 긴글대충 긴글대충 긴글대충 긴글대충 긴글대충 긴글대충 긴글대충 긴글대충 긴글대충 긴글대충 긴글대충 긴글대충 긴글대충 긴글대충 긴글대충 긴글대충 긴글대충 긴글대충 긴글대충 긴글대충 긴글대충 긴글대충 긴글대충 긴글대충 긴글대충 긴글대충 긴글대충 긴글대충 긴글대충 긴글대충 긴글대충 긴글대충 긴글대충 긴글대충 긴글대충 긴글대충 긴글대충 긴글대충 긴글대충 긴글대충 긴글대충 긴글대충 긴글대충 긴글대충 긴글대충 긴글대충 긴글대충 긴글대충 긴글대충 긴글대충 긴글대충 긴글대충 긴글대충 긴글대충 긴글대충 긴글대충 긴글대충 긴글대충 긴글대충 긴글대충 긴글대충 긴글대충 긴글대충 긴글대충 긴글대충 긴글대충 긴글대충 긴글대충 긴글대충 긴글대충 긴글대충 긴글대충 긴글대충 긴글대충 긴글대충 긴글대충 긴글대충 긴글대충 긴글대충 긴글대충 긴글대충 긴글대충 긴글대충 긴글대충 긴글대충 긴글대충 긴글대충 긴글대충 긴글대충 긴글대충 긴글대충 긴글대충 긴글대충 긴글대충 긴글대충 긴글대충 긴글대충 긴글대충 긴글대충 긴글대충 긴글대충 긴글대충 긴글대충 긴글대충 긴글대충 긴글대충 긴글대충 긴글대충 긴글대충 긴글대충 긴글대충 긴글대충 긴글대충 긴글대충 긴글대충 긴글대충 긴글대충 긴글대충 긴글대충 긴글대충 긴글대충 긴글대충 긴글대충 긴글대충 긴글대충 긴글대충 긴글대충 긴글대충 긴글대충 긴글대충 긴글대충 긴글대충 긴글대충 긴글대충 긴글대충 긴글대충 긴글대충 긴글대충 긴글대충 긴글대충 긴글대충 긴글대충 긴글대충 긴글대충 긴글대충 긴글대충 긴글대충 긴글대충 긴글대충 긴글대충 긴글대충 긴글대충 긴글대충 긴글대충 긴글대충 긴글대충 긴글대충 긴글대충 긴글대충 긴글대충 긴글대충 긴글대충 긴글대충 긴글</p>','2023-04-27 10:04:47',0,'국내',0,'moon111',0,0),(1288,'나는 국내','<p>나는 국내</p><p><strong>나는 국내</strong></p><p><i><strong>나는 국내</strong></i></p>','2023-04-27 10:04:47',0,'국내',0,'hong1',0,0),(1289,'나는 해외','<p>나는 해외</p><p><strong>나는 해외</strong></p><ol><li><i><strong>나는 해외</strong></i></li></ol>','2023-04-27 10:04:47',0,'해외',0,'hong1',0,0),(1290,'나는 질문','<p>나는 질문</p>','2023-04-27 10:04:47',0,'질문',0,'hong1',0,0),(1291,'나는 자유','<p>나는 자유</p>','2023-04-27 10:04:47',0,'자유',0,'hong1',0,0),(1292,'나는 국내','<p>나는 국내</p>','2023-04-27 10:04:47',0,'국내',0,'moon111',0,0),(1293,'나는 해외','<p>나는 해외</p>','2023-04-27 10:04:47',0,'해외',0,'moon111',0,0),(1294,'나는 질문','<p>나는 질문</p>','2023-04-27 10:04:47',0,'질문',0,'moon111',0,0),(1295,'나는 자유','<p>나는 자유</p>','2023-04-27 10:04:47',0,'자유',0,'moon111',0,0),(1296,'대충 긴글','<p>대충 긴글대충 긴글대충 긴글대충 긴글대충 긴글대충 긴글대충 긴글대충 긴글대충 긴글대충 긴글대충 긴글대충 긴글대충 긴글대충 긴글대충 긴글대충 긴글대충 긴글대충 긴글대충 긴글대충 긴글대충 긴글대충 긴글대충 긴글대충 긴글대충 긴글대충 긴글대충 긴글대충 긴글대충 긴글대충 긴글대충 긴글대충 긴글대충 긴글대충 긴글대충 긴글대충 긴글대충 긴글대충 긴글대충 긴글대충 긴글대충 긴글대충 긴글대충 긴글대충 긴글대충 긴글대충 긴글대충 긴글대충 긴글대충 긴글대충 긴글대충 긴글대충 긴글대충 긴글대충 긴글대충 긴글대충 긴글대충 긴글대충 긴글대충 긴글대충 긴글대충 긴글대충 긴글대충 긴글대충 긴글대충 긴글대충 긴글대충 긴글대충 긴글대충 긴글대충 긴글대충 긴글대충 긴글대충 긴글대충 긴글대충 긴글대충 긴글대충 긴글대충 긴글대충 긴글대충 긴글대충 긴글대충 긴글대충 긴글대충 긴글대충 긴글대충 긴글대충 긴글대충 긴글대충 긴글대충 긴글대충 긴글대충 긴글대충 긴글대충 긴글대충 긴글대충 긴글대충 긴글대충 긴글대충 긴글대충 긴글대충 긴글대충 긴글대충 긴글대충 긴글대충 긴글대충 긴글대충 긴글대충 긴글대충 긴글대충 긴글대충 긴글대충 긴글대충 긴글대충 긴글대충 긴글대충 긴글대충 긴글대충 긴글대충 긴글대충 긴글대충 긴글대충 긴글대충 긴글대충 긴글대충 긴글대충 긴글대충 긴글대충 긴글대충 긴글대충 긴글대충 긴글대충 긴글대충 긴글대충 긴글대충 긴글대충 긴글대충 긴글대충 긴글대충 긴글대충 긴글대충 긴글대충 긴글대충 긴글대충 긴글대충 긴글대충 긴글대충 긴글대충 긴글대충 긴글대충 긴글대충 긴글대충 긴글대충 긴글대충 긴글대충 긴글대충 긴글대충 긴글대충 긴글대충 긴글대충 긴글대충 긴글대충 긴글대충 긴글대충 긴글대충 긴글대충 긴글대충 긴글대충 긴글대충 긴글대충 긴글대충 긴글대충 긴글대충 긴글대충 긴글대충 긴글대충 긴글대충 긴글대충 긴글대충 긴글대충 긴글대충 긴글대충 긴글대충 긴글대충 긴글대충 긴글대충 긴글대충 긴글대충 긴글대충 긴글대충 긴글대충 긴글대충 긴글대충 긴글대충 긴글대충 긴글대충 긴글대충 긴글대충 긴글대충 긴글대충 긴글대충 긴글대충 긴글대충 긴글대충 긴글대충 긴글대충 긴글대충 긴글대충 긴글대충 긴글대충 긴글대충 긴글대충 긴글대충 긴글대충 긴글대충 긴글대충 긴글대충 긴글대충 긴글대충 긴글대충 긴글대충 긴글대충 긴글대충 긴글대충 긴글대충 긴글대충 긴글대충 긴글대충 긴글대충 긴글대충 긴글대충 긴글대충 긴글대충 긴글대충 긴글대충 긴글대충 긴글대충 긴글대충 긴글대충 긴글대충 긴글대충 긴글대충 긴글대충 긴글대충 긴글대충 긴글대충 긴글대충 긴글대충 긴글대충 긴글대충 긴글대충 긴글대충 긴글대충 긴글대충 긴글대충 긴글대충 긴글대충 긴글대충 긴글대충 긴글대충 긴글대충 긴글대충 긴글대충 긴글대충 긴글대충 긴글대충 긴글대충 긴글대충 긴글대충 긴글대충 긴글대충 긴글</p>','2023-04-27 10:04:47',0,'국내',0,'moon111',0,0),(1297,'나는 국내','<p>나는 국내</p><p><strong>나는 국내</strong></p><p><i><strong>나는 국내</strong></i></p>','2023-04-27 10:04:47',0,'국내',0,'hong1',0,0),(1298,'나는 해외','<p>나는 해외</p><p><strong>나는 해외</strong></p><ol><li><i><strong>나는 해외</strong></i></li></ol>','2023-04-27 10:04:47',0,'해외',0,'hong1',0,0),(1299,'나는 질문','<p>나는 질문</p>','2023-04-27 10:04:47',0,'질문',0,'hong1',0,0),(1300,'나는 자유','<p>나는 자유</p>','2023-04-27 10:04:47',0,'자유',0,'hong1',0,0),(1301,'나는 국내','<p>나는 국내</p>','2023-04-27 10:04:47',0,'국내',0,'moon111',0,0),(1302,'나는 해외','<p>나는 해외</p>','2023-04-27 10:04:47',0,'해외',0,'moon111',0,0),(1303,'나는 질문','<p>나는 질문</p>','2023-04-27 10:04:47',0,'질문',0,'moon111',0,0),(1304,'나는 자유','<p>나는 자유</p>','2023-04-27 10:04:47',0,'자유',0,'moon111',0,0),(1305,'대충 긴글','<p>대충 긴글대충 긴글대충 긴글대충 긴글대충 긴글대충 긴글대충 긴글대충 긴글대충 긴글대충 긴글대충 긴글대충 긴글대충 긴글대충 긴글대충 긴글대충 긴글대충 긴글대충 긴글대충 긴글대충 긴글대충 긴글대충 긴글대충 긴글대충 긴글대충 긴글대충 긴글대충 긴글대충 긴글대충 긴글대충 긴글대충 긴글대충 긴글대충 긴글대충 긴글대충 긴글대충 긴글대충 긴글대충 긴글대충 긴글대충 긴글대충 긴글대충 긴글대충 긴글대충 긴글대충 긴글대충 긴글대충 긴글대충 긴글대충 긴글대충 긴글대충 긴글대충 긴글대충 긴글대충 긴글대충 긴글대충 긴글대충 긴글대충 긴글대충 긴글대충 긴글대충 긴글대충 긴글대충 긴글대충 긴글대충 긴글대충 긴글대충 긴글대충 긴글대충 긴글대충 긴글대충 긴글대충 긴글대충 긴글대충 긴글대충 긴글대충 긴글대충 긴글대충 긴글대충 긴글대충 긴글대충 긴글대충 긴글대충 긴글대충 긴글대충 긴글대충 긴글대충 긴글대충 긴글대충 긴글대충 긴글대충 긴글대충 긴글대충 긴글대충 긴글대충 긴글대충 긴글대충 긴글대충 긴글대충 긴글대충 긴글대충 긴글대충 긴글대충 긴글대충 긴글대충 긴글대충 긴글대충 긴글대충 긴글대충 긴글대충 긴글대충 긴글대충 긴글대충 긴글대충 긴글대충 긴글대충 긴글대충 긴글대충 긴글대충 긴글대충 긴글대충 긴글대충 긴글대충 긴글대충 긴글대충 긴글대충 긴글대충 긴글대충 긴글대충 긴글대충 긴글대충 긴글대충 긴글대충 긴글대충 긴글대충 긴글대충 긴글대충 긴글대충 긴글대충 긴글대충 긴글대충 긴글대충 긴글대충 긴글대충 긴글대충 긴글대충 긴글대충 긴글대충 긴글대충 긴글대충 긴글대충 긴글대충 긴글대충 긴글대충 긴글대충 긴글대충 긴글대충 긴글대충 긴글대충 긴글대충 긴글대충 긴글대충 긴글대충 긴글대충 긴글대충 긴글대충 긴글대충 긴글대충 긴글대충 긴글대충 긴글대충 긴글대충 긴글대충 긴글대충 긴글대충 긴글대충 긴글대충 긴글대충 긴글대충 긴글대충 긴글대충 긴글대충 긴글대충 긴글대충 긴글대충 긴글대충 긴글대충 긴글대충 긴글대충 긴글대충 긴글대충 긴글대충 긴글대충 긴글대충 긴글대충 긴글대충 긴글대충 긴글대충 긴글대충 긴글대충 긴글대충 긴글대충 긴글대충 긴글대충 긴글대충 긴글대충 긴글대충 긴글대충 긴글대충 긴글대충 긴글대충 긴글대충 긴글대충 긴글대충 긴글대충 긴글대충 긴글대충 긴글대충 긴글대충 긴글대충 긴글대충 긴글대충 긴글대충 긴글대충 긴글대충 긴글대충 긴글대충 긴글대충 긴글대충 긴글대충 긴글대충 긴글대충 긴글대충 긴글대충 긴글대충 긴글대충 긴글대충 긴글대충 긴글대충 긴글대충 긴글대충 긴글대충 긴글대충 긴글대충 긴글대충 긴글대충 긴글대충 긴글대충 긴글대충 긴글대충 긴글대충 긴글대충 긴글대충 긴글대충 긴글대충 긴글대충 긴글대충 긴글대충 긴글대충 긴글대충 긴글대충 긴글대충 긴글대충 긴글대충 긴글대충 긴글대충 긴글대충 긴글대충 긴글대충 긴글대충 긴글대충 긴글</p>','2023-04-27 10:04:47',0,'국내',0,'moon111',0,0),(1306,'나는 국내','<p>나는 국내</p><p><strong>나는 국내</strong></p><p><i><strong>나는 국내</strong></i></p>','2023-04-27 10:04:47',0,'국내',0,'hong1',0,0),(1307,'나는 해외','<p>나는 해외</p><p><strong>나는 해외</strong></p><ol><li><i><strong>나는 해외</strong></i></li></ol>','2023-04-27 10:04:47',0,'해외',0,'hong1',0,0),(1308,'나는 질문','<p>나는 질문</p>','2023-04-27 10:04:47',0,'질문',0,'hong1',0,0),(1309,'나는 자유','<p>나는 자유</p>','2023-04-27 10:04:47',0,'자유',0,'hong1',0,0),(1310,'나는 국내','<p>나는 국내</p>','2023-04-27 10:04:47',0,'국내',0,'moon111',0,0),(1311,'나는 해외','<p>나는 해외</p>','2023-04-27 10:04:47',0,'해외',0,'moon111',0,0),(1312,'나는 질문','<p>나는 질문</p>','2023-04-27 10:04:47',0,'질문',0,'moon111',0,0),(1313,'나는 자유','<p>나는 자유</p>','2023-04-27 10:04:47',0,'자유',0,'moon111',0,0),(1314,'대충 긴글','<p>대충 긴글대충 긴글대충 긴글대충 긴글대충 긴글대충 긴글대충 긴글대충 긴글대충 긴글대충 긴글대충 긴글대충 긴글대충 긴글대충 긴글대충 긴글대충 긴글대충 긴글대충 긴글대충 긴글대충 긴글대충 긴글대충 긴글대충 긴글대충 긴글대충 긴글대충 긴글대충 긴글대충 긴글대충 긴글대충 긴글대충 긴글대충 긴글대충 긴글대충 긴글대충 긴글대충 긴글대충 긴글대충 긴글대충 긴글대충 긴글대충 긴글대충 긴글대충 긴글대충 긴글대충 긴글대충 긴글대충 긴글대충 긴글대충 긴글대충 긴글대충 긴글대충 긴글대충 긴글대충 긴글대충 긴글대충 긴글대충 긴글대충 긴글대충 긴글대충 긴글대충 긴글대충 긴글대충 긴글대충 긴글대충 긴글대충 긴글대충 긴글대충 긴글대충 긴글대충 긴글대충 긴글대충 긴글대충 긴글대충 긴글대충 긴글대충 긴글대충 긴글대충 긴글대충 긴글대충 긴글대충 긴글대충 긴글대충 긴글대충 긴글대충 긴글대충 긴글대충 긴글대충 긴글대충 긴글대충 긴글대충 긴글대충 긴글대충 긴글대충 긴글대충 긴글대충 긴글대충 긴글대충 긴글대충 긴글대충 긴글대충 긴글대충 긴글대충 긴글대충 긴글대충 긴글대충 긴글대충 긴글대충 긴글대충 긴글대충 긴글대충 긴글대충 긴글대충 긴글대충 긴글대충 긴글대충 긴글대충 긴글대충 긴글대충 긴글대충 긴글대충 긴글대충 긴글대충 긴글대충 긴글대충 긴글대충 긴글대충 긴글대충 긴글대충 긴글대충 긴글대충 긴글대충 긴글대충 긴글대충 긴글대충 긴글대충 긴글대충 긴글대충 긴글대충 긴글대충 긴글대충 긴글대충 긴글대충 긴글대충 긴글대충 긴글대충 긴글대충 긴글대충 긴글대충 긴글대충 긴글대충 긴글대충 긴글대충 긴글대충 긴글대충 긴글대충 긴글대충 긴글대충 긴글대충 긴글대충 긴글대충 긴글대충 긴글대충 긴글대충 긴글대충 긴글대충 긴글대충 긴글대충 긴글대충 긴글대충 긴글대충 긴글대충 긴글대충 긴글대충 긴글대충 긴글대충 긴글대충 긴글대충 긴글대충 긴글대충 긴글대충 긴글대충 긴글대충 긴글대충 긴글대충 긴글대충 긴글대충 긴글대충 긴글대충 긴글대충 긴글대충 긴글대충 긴글대충 긴글대충 긴글대충 긴글대충 긴글대충 긴글대충 긴글대충 긴글대충 긴글대충 긴글대충 긴글대충 긴글대충 긴글대충 긴글대충 긴글대충 긴글대충 긴글대충 긴글대충 긴글대충 긴글대충 긴글대충 긴글대충 긴글대충 긴글대충 긴글대충 긴글대충 긴글대충 긴글대충 긴글대충 긴글대충 긴글대충 긴글대충 긴글대충 긴글대충 긴글대충 긴글대충 긴글대충 긴글대충 긴글대충 긴글대충 긴글대충 긴글대충 긴글대충 긴글대충 긴글대충 긴글대충 긴글대충 긴글대충 긴글대충 긴글대충 긴글대충 긴글대충 긴글대충 긴글대충 긴글대충 긴글대충 긴글대충 긴글대충 긴글대충 긴글대충 긴글대충 긴글대충 긴글대충 긴글대충 긴글대충 긴글대충 긴글대충 긴글대충 긴글대충 긴글대충 긴글대충 긴글대충 긴글대충 긴글대충 긴글대충 긴글대충 긴글대충 긴글대충 긴글대충 긴글</p>','2023-04-27 10:04:47',0,'국내',0,'moon111',0,0),(1315,'나는 국내','<p>나는 국내</p><p><strong>나는 국내</strong></p><p><i><strong>나는 국내</strong></i></p>','2023-04-27 10:04:47',0,'국내',0,'hong1',0,0),(1316,'나는 해외','<p>나는 해외</p><p><strong>나는 해외</strong></p><ol><li><i><strong>나는 해외</strong></i></li></ol>','2023-04-27 10:04:47',0,'해외',0,'hong1',0,0),(1317,'나는 질문','<p>나는 질문</p>','2023-04-27 10:04:47',0,'질문',0,'hong1',0,0),(1318,'나는 자유','<p>나는 자유</p>','2023-04-27 10:04:47',0,'자유',0,'hong1',0,0),(1319,'나는 국내','<p>나는 국내</p>','2023-04-27 10:04:47',0,'국내',0,'moon111',0,0),(1320,'나는 해외','<p>나는 해외</p>','2023-04-27 10:04:47',0,'해외',0,'moon111',0,0),(1321,'나는 질문','<p>나는 질문</p>','2023-04-27 10:04:47',0,'질문',0,'moon111',0,0),(1322,'나는 자유','<p>나는 자유</p>','2023-04-27 10:04:47',0,'자유',0,'moon111',0,0),(1323,'대충 긴글','<p>대충 긴글대충 긴글대충 긴글대충 긴글대충 긴글대충 긴글대충 긴글대충 긴글대충 긴글대충 긴글대충 긴글대충 긴글대충 긴글대충 긴글대충 긴글대충 긴글대충 긴글대충 긴글대충 긴글대충 긴글대충 긴글대충 긴글대충 긴글대충 긴글대충 긴글대충 긴글대충 긴글대충 긴글대충 긴글대충 긴글대충 긴글대충 긴글대충 긴글대충 긴글대충 긴글대충 긴글대충 긴글대충 긴글대충 긴글대충 긴글대충 긴글대충 긴글대충 긴글대충 긴글대충 긴글대충 긴글대충 긴글대충 긴글대충 긴글대충 긴글대충 긴글대충 긴글대충 긴글대충 긴글대충 긴글대충 긴글대충 긴글대충 긴글대충 긴글대충 긴글대충 긴글대충 긴글대충 긴글대충 긴글대충 긴글대충 긴글대충 긴글대충 긴글대충 긴글대충 긴글대충 긴글대충 긴글대충 긴글대충 긴글대충 긴글대충 긴글대충 긴글대충 긴글대충 긴글대충 긴글대충 긴글대충 긴글대충 긴글대충 긴글대충 긴글대충 긴글대충 긴글대충 긴글대충 긴글대충 긴글대충 긴글대충 긴글대충 긴글대충 긴글대충 긴글대충 긴글대충 긴글대충 긴글대충 긴글대충 긴글대충 긴글대충 긴글대충 긴글대충 긴글대충 긴글대충 긴글대충 긴글대충 긴글대충 긴글대충 긴글대충 긴글대충 긴글대충 긴글대충 긴글대충 긴글대충 긴글대충 긴글대충 긴글대충 긴글대충 긴글대충 긴글대충 긴글대충 긴글대충 긴글대충 긴글대충 긴글대충 긴글대충 긴글대충 긴글대충 긴글대충 긴글대충 긴글대충 긴글대충 긴글대충 긴글대충 긴글대충 긴글대충 긴글대충 긴글대충 긴글대충 긴글대충 긴글대충 긴글대충 긴글대충 긴글대충 긴글대충 긴글대충 긴글대충 긴글대충 긴글대충 긴글대충 긴글대충 긴글대충 긴글대충 긴글대충 긴글대충 긴글대충 긴글대충 긴글대충 긴글대충 긴글대충 긴글대충 긴글대충 긴글대충 긴글대충 긴글대충 긴글대충 긴글대충 긴글대충 긴글대충 긴글대충 긴글대충 긴글대충 긴글대충 긴글대충 긴글대충 긴글대충 긴글대충 긴글대충 긴글대충 긴글대충 긴글대충 긴글대충 긴글대충 긴글대충 긴글대충 긴글대충 긴글대충 긴글대충 긴글대충 긴글대충 긴글대충 긴글대충 긴글대충 긴글대충 긴글대충 긴글대충 긴글대충 긴글대충 긴글대충 긴글대충 긴글대충 긴글대충 긴글대충 긴글대충 긴글대충 긴글대충 긴글대충 긴글대충 긴글대충 긴글대충 긴글대충 긴글대충 긴글대충 긴글대충 긴글대충 긴글대충 긴글대충 긴글대충 긴글대충 긴글대충 긴글대충 긴글대충 긴글대충 긴글대충 긴글대충 긴글대충 긴글대충 긴글대충 긴글대충 긴글대충 긴글대충 긴글대충 긴글대충 긴글대충 긴글대충 긴글대충 긴글대충 긴글대충 긴글대충 긴글대충 긴글대충 긴글대충 긴글대충 긴글대충 긴글대충 긴글대충 긴글대충 긴글대충 긴글대충 긴글대충 긴글대충 긴글대충 긴글대충 긴글대충 긴글대충 긴글대충 긴글대충 긴글대충 긴글대충 긴글대충 긴글대충 긴글대충 긴글대충 긴글대충 긴글대충 긴글대충 긴글대충 긴글대충 긴글대충 긴글</p>','2023-04-27 10:04:47',0,'국내',0,'moon111',0,0),(1324,'나는 국내','<p>나는 국내</p><p><strong>나는 국내</strong></p><p><i><strong>나는 국내</strong></i></p>','2023-04-27 10:04:47',0,'국내',0,'hong1',0,0),(1325,'나는 해외','<p>나는 해외</p><p><strong>나는 해외</strong></p><ol><li><i><strong>나는 해외</strong></i></li></ol>','2023-04-27 10:04:47',0,'해외',0,'hong1',0,0),(1326,'나는 질문','<p>나는 질문</p>','2023-04-27 10:04:47',0,'질문',0,'hong1',0,0),(1327,'나는 자유','<p>나는 자유</p>','2023-04-27 10:04:47',0,'자유',0,'hong1',0,0),(1328,'나는 국내','<p>나는 국내</p>','2023-04-27 10:04:47',0,'국내',0,'moon111',0,0),(1329,'나는 해외','<p>나는 해외</p>','2023-04-27 10:04:47',0,'해외',0,'moon111',0,0),(1330,'나는 질문','<p>나는 질문</p>','2023-04-27 10:04:47',0,'질문',0,'moon111',0,0),(1331,'나는 자유','<p>나는 자유</p>','2023-04-27 10:04:47',0,'자유',0,'moon111',0,0),(1332,'대충 긴글','<p>대충 긴글대충 긴글대충 긴글대충 긴글대충 긴글대충 긴글대충 긴글대충 긴글대충 긴글대충 긴글대충 긴글대충 긴글대충 긴글대충 긴글대충 긴글대충 긴글대충 긴글대충 긴글대충 긴글대충 긴글대충 긴글대충 긴글대충 긴글대충 긴글대충 긴글대충 긴글대충 긴글대충 긴글대충 긴글대충 긴글대충 긴글대충 긴글대충 긴글대충 긴글대충 긴글대충 긴글대충 긴글대충 긴글대충 긴글대충 긴글대충 긴글대충 긴글대충 긴글대충 긴글대충 긴글대충 긴글대충 긴글대충 긴글대충 긴글대충 긴글대충 긴글대충 긴글대충 긴글대충 긴글대충 긴글대충 긴글대충 긴글대충 긴글대충 긴글대충 긴글대충 긴글대충 긴글대충 긴글대충 긴글대충 긴글대충 긴글대충 긴글대충 긴글대충 긴글대충 긴글대충 긴글대충 긴글대충 긴글대충 긴글대충 긴글대충 긴글대충 긴글대충 긴글대충 긴글대충 긴글대충 긴글대충 긴글대충 긴글대충 긴글대충 긴글대충 긴글대충 긴글대충 긴글대충 긴글대충 긴글대충 긴글대충 긴글대충 긴글대충 긴글대충 긴글대충 긴글대충 긴글대충 긴글대충 긴글대충 긴글대충 긴글대충 긴글대충 긴글대충 긴글대충 긴글대충 긴글대충 긴글대충 긴글대충 긴글대충 긴글대충 긴글대충 긴글대충 긴글대충 긴글대충 긴글대충 긴글대충 긴글대충 긴글대충 긴글대충 긴글대충 긴글대충 긴글대충 긴글대충 긴글대충 긴글대충 긴글대충 긴글대충 긴글대충 긴글대충 긴글대충 긴글대충 긴글대충 긴글대충 긴글대충 긴글대충 긴글대충 긴글대충 긴글대충 긴글대충 긴글대충 긴글대충 긴글대충 긴글대충 긴글대충 긴글대충 긴글대충 긴글대충 긴글대충 긴글대충 긴글대충 긴글대충 긴글대충 긴글대충 긴글대충 긴글대충 긴글대충 긴글대충 긴글대충 긴글대충 긴글대충 긴글대충 긴글대충 긴글대충 긴글대충 긴글대충 긴글대충 긴글대충 긴글대충 긴글대충 긴글대충 긴글대충 긴글대충 긴글대충 긴글대충 긴글대충 긴글대충 긴글대충 긴글대충 긴글대충 긴글대충 긴글대충 긴글대충 긴글대충 긴글대충 긴글대충 긴글대충 긴글대충 긴글대충 긴글대충 긴글대충 긴글대충 긴글대충 긴글대충 긴글대충 긴글대충 긴글대충 긴글대충 긴글대충 긴글대충 긴글대충 긴글대충 긴글대충 긴글대충 긴글대충 긴글대충 긴글대충 긴글대충 긴글대충 긴글대충 긴글대충 긴글대충 긴글대충 긴글대충 긴글대충 긴글대충 긴글대충 긴글대충 긴글대충 긴글대충 긴글대충 긴글대충 긴글대충 긴글대충 긴글대충 긴글대충 긴글대충 긴글대충 긴글대충 긴글대충 긴글대충 긴글대충 긴글대충 긴글대충 긴글대충 긴글대충 긴글대충 긴글대충 긴글대충 긴글대충 긴글대충 긴글대충 긴글대충 긴글대충 긴글대충 긴글대충 긴글대충 긴글대충 긴글대충 긴글대충 긴글대충 긴글대충 긴글대충 긴글대충 긴글대충 긴글대충 긴글대충 긴글대충 긴글대충 긴글대충 긴글대충 긴글대충 긴글대충 긴글대충 긴글대충 긴글대충 긴글대충 긴글대충 긴글대충 긴글대충 긴글대충 긴글</p>','2023-04-27 10:04:47',0,'국내',0,'moon111',0,0),(1333,'나는 국내','<p>나는 국내</p><p><strong>나는 국내</strong></p><p><i><strong>나는 국내</strong></i></p>','2023-04-27 10:04:47',0,'국내',0,'hong1',0,0),(1334,'나는 해외','<p>나는 해외</p><p><strong>나는 해외</strong></p><ol><li><i><strong>나는 해외</strong></i></li></ol>','2023-04-27 10:04:47',0,'해외',0,'hong1',0,0),(1335,'나는 질문','<p>나는 질문</p>','2023-04-27 10:04:47',0,'질문',0,'hong1',0,0),(1336,'나는 자유','<p>나는 자유</p>','2023-04-27 10:04:47',1,'자유',0,'hong1',0,0),(1337,'나는 국내','<p>나는 국내</p>','2023-04-27 10:04:47',0,'국내',0,'moon111',0,0),(1338,'나는 해외','<p>나는 해외</p>','2023-04-27 10:04:47',0,'해외',0,'moon111',0,0),(1339,'나는 질문','<p>나는 질문</p>','2023-04-27 10:04:47',0,'질문',0,'moon111',0,0),(1340,'나는 자유','<p>나는 자유</p>','2023-04-27 10:04:47',0,'자유',0,'moon111',0,0),(1341,'대충 긴글','<p>대충 긴글대충 긴글대충 긴글대충 긴글대충 긴글대충 긴글대충 긴글대충 긴글대충 긴글대충 긴글대충 긴글대충 긴글대충 긴글대충 긴글대충 긴글대충 긴글대충 긴글대충 긴글대충 긴글대충 긴글대충 긴글대충 긴글대충 긴글대충 긴글대충 긴글대충 긴글대충 긴글대충 긴글대충 긴글대충 긴글대충 긴글대충 긴글대충 긴글대충 긴글대충 긴글대충 긴글대충 긴글대충 긴글대충 긴글대충 긴글대충 긴글대충 긴글대충 긴글대충 긴글대충 긴글대충 긴글대충 긴글대충 긴글대충 긴글대충 긴글대충 긴글대충 긴글대충 긴글대충 긴글대충 긴글대충 긴글대충 긴글대충 긴글대충 긴글대충 긴글대충 긴글대충 긴글대충 긴글대충 긴글대충 긴글대충 긴글대충 긴글대충 긴글대충 긴글대충 긴글대충 긴글대충 긴글대충 긴글대충 긴글대충 긴글대충 긴글대충 긴글대충 긴글대충 긴글대충 긴글대충 긴글대충 긴글대충 긴글대충 긴글대충 긴글대충 긴글대충 긴글대충 긴글대충 긴글대충 긴글대충 긴글대충 긴글대충 긴글대충 긴글대충 긴글대충 긴글대충 긴글대충 긴글대충 긴글대충 긴글대충 긴글대충 긴글대충 긴글대충 긴글대충 긴글대충 긴글대충 긴글대충 긴글대충 긴글대충 긴글대충 긴글대충 긴글대충 긴글대충 긴글대충 긴글대충 긴글대충 긴글대충 긴글대충 긴글대충 긴글대충 긴글대충 긴글대충 긴글대충 긴글대충 긴글대충 긴글대충 긴글대충 긴글대충 긴글대충 긴글대충 긴글대충 긴글대충 긴글대충 긴글대충 긴글대충 긴글대충 긴글대충 긴글대충 긴글대충 긴글대충 긴글대충 긴글대충 긴글대충 긴글대충 긴글대충 긴글대충 긴글대충 긴글대충 긴글대충 긴글대충 긴글대충 긴글대충 긴글대충 긴글대충 긴글대충 긴글대충 긴글대충 긴글대충 긴글대충 긴글대충 긴글대충 긴글대충 긴글대충 긴글대충 긴글대충 긴글대충 긴글대충 긴글대충 긴글대충 긴글대충 긴글대충 긴글대충 긴글대충 긴글대충 긴글대충 긴글대충 긴글대충 긴글대충 긴글대충 긴글대충 긴글대충 긴글대충 긴글대충 긴글대충 긴글대충 긴글대충 긴글대충 긴글대충 긴글대충 긴글대충 긴글대충 긴글대충 긴글대충 긴글대충 긴글대충 긴글대충 긴글대충 긴글대충 긴글대충 긴글대충 긴글대충 긴글대충 긴글대충 긴글대충 긴글대충 긴글대충 긴글대충 긴글대충 긴글대충 긴글대충 긴글대충 긴글대충 긴글대충 긴글대충 긴글대충 긴글대충 긴글대충 긴글대충 긴글대충 긴글대충 긴글대충 긴글대충 긴글대충 긴글대충 긴글대충 긴글대충 긴글대충 긴글대충 긴글대충 긴글대충 긴글대충 긴글대충 긴글대충 긴글대충 긴글대충 긴글대충 긴글대충 긴글대충 긴글대충 긴글대충 긴글대충 긴글대충 긴글대충 긴글대충 긴글대충 긴글대충 긴글대충 긴글대충 긴글대충 긴글대충 긴글대충 긴글대충 긴글대충 긴글대충 긴글대충 긴글대충 긴글대충 긴글대충 긴글대충 긴글대충 긴글대충 긴글대충 긴글대충 긴글대충 긴글대충 긴글대충 긴글대충 긴글대충 긴글대충 긴글대충 긴글</p>','2023-04-27 10:04:47',0,'국내',0,'moon111',0,0),(1342,'나는 국내','<p>나는 국내</p><p><strong>나는 국내</strong></p><p><i><strong>나는 국내</strong></i></p>','2023-04-27 10:04:47',0,'국내',0,'hong1',0,0),(1343,'나는 해외','<p>나는 해외</p><p><strong>나는 해외</strong></p><ol><li><i><strong>나는 해외</strong></i></li></ol>','2023-04-27 10:04:47',0,'해외',0,'hong1',0,0),(1344,'나는 질문','<p>나는 질문</p>','2023-04-27 10:04:47',1,'질문',0,'hong1',0,0),(1345,'나는 자유','<p>나는 자유</p>','2023-04-27 10:04:47',1,'자유',0,'hong1',0,0),(1346,'나는 국내','<p>나는 국내</p>','2023-04-27 10:04:47',0,'국내',0,'moon111',0,0),(1347,'나는 해외','<p>나는 해외</p>','2023-04-27 10:04:47',0,'해외',0,'moon111',0,0),(1348,'나는 질문','<p>나는 질문</p>','2023-04-27 10:04:47',0,'질문',0,'moon111',0,0),(1349,'나는 자유','<p>나는 자유</p>','2023-04-27 10:04:47',0,'자유',0,'moon111',0,0),(1350,'대충 긴글','<p>대충 긴글대충 긴글대충 긴글대충 긴글대충 긴글대충 긴글대충 긴글대충 긴글대충 긴글대충 긴글대충 긴글대충 긴글대충 긴글대충 긴글대충 긴글대충 긴글대충 긴글대충 긴글대충 긴글대충 긴글대충 긴글대충 긴글대충 긴글대충 긴글대충 긴글대충 긴글대충 긴글대충 긴글대충 긴글대충 긴글대충 긴글대충 긴글대충 긴글대충 긴글대충 긴글대충 긴글대충 긴글대충 긴글대충 긴글대충 긴글대충 긴글대충 긴글대충 긴글대충 긴글대충 긴글대충 긴글대충 긴글대충 긴글대충 긴글대충 긴글대충 긴글대충 긴글대충 긴글대충 긴글대충 긴글대충 긴글대충 긴글대충 긴글대충 긴글대충 긴글대충 긴글대충 긴글대충 긴글대충 긴글대충 긴글대충 긴글대충 긴글대충 긴글대충 긴글대충 긴글대충 긴글대충 긴글대충 긴글대충 긴글대충 긴글대충 긴글대충 긴글대충 긴글대충 긴글대충 긴글대충 긴글대충 긴글대충 긴글대충 긴글대충 긴글대충 긴글대충 긴글대충 긴글대충 긴글대충 긴글대충 긴글대충 긴글대충 긴글대충 긴글대충 긴글대충 긴글대충 긴글대충 긴글대충 긴글대충 긴글대충 긴글대충 긴글대충 긴글대충 긴글대충 긴글대충 긴글대충 긴글대충 긴글대충 긴글대충 긴글대충 긴글대충 긴글대충 긴글대충 긴글대충 긴글대충 긴글대충 긴글대충 긴글대충 긴글대충 긴글대충 긴글대충 긴글대충 긴글대충 긴글대충 긴글대충 긴글대충 긴글대충 긴글대충 긴글대충 긴글대충 긴글대충 긴글대충 긴글대충 긴글대충 긴글대충 긴글대충 긴글대충 긴글대충 긴글대충 긴글대충 긴글대충 긴글대충 긴글대충 긴글대충 긴글대충 긴글대충 긴글대충 긴글대충 긴글대충 긴글대충 긴글대충 긴글대충 긴글대충 긴글대충 긴글대충 긴글대충 긴글대충 긴글대충 긴글대충 긴글대충 긴글대충 긴글대충 긴글대충 긴글대충 긴글대충 긴글대충 긴글대충 긴글대충 긴글대충 긴글대충 긴글대충 긴글대충 긴글대충 긴글대충 긴글대충 긴글대충 긴글대충 긴글대충 긴글대충 긴글대충 긴글대충 긴글대충 긴글대충 긴글대충 긴글대충 긴글대충 긴글대충 긴글대충 긴글대충 긴글대충 긴글대충 긴글대충 긴글대충 긴글대충 긴글대충 긴글대충 긴글대충 긴글대충 긴글대충 긴글대충 긴글대충 긴글대충 긴글대충 긴글대충 긴글대충 긴글대충 긴글대충 긴글대충 긴글대충 긴글대충 긴글대충 긴글대충 긴글대충 긴글대충 긴글대충 긴글대충 긴글대충 긴글대충 긴글대충 긴글대충 긴글대충 긴글대충 긴글대충 긴글대충 긴글대충 긴글대충 긴글대충 긴글대충 긴글대충 긴글대충 긴글대충 긴글대충 긴글대충 긴글대충 긴글대충 긴글대충 긴글대충 긴글대충 긴글대충 긴글대충 긴글대충 긴글대충 긴글대충 긴글대충 긴글대충 긴글대충 긴글대충 긴글대충 긴글대충 긴글대충 긴글대충 긴글대충 긴글대충 긴글대충 긴글대충 긴글대충 긴글대충 긴글대충 긴글대충 긴글대충 긴글대충 긴글대충 긴글대충 긴글대충 긴글대충 긴글대충 긴글대충 긴글대충 긴글대충 긴글대충 긴글</p>','2023-04-27 10:04:47',0,'국내',0,'moon111',0,0),(1351,'나는 국내','<p>나는 국내</p><p><strong>나는 국내</strong></p><p><i><strong>나는 국내</strong></i></p>','2023-04-27 10:04:47',0,'국내',0,'hong1',0,0),(1352,'나는 해외','<p>나는 해외</p><p><strong>나는 해외</strong></p><ol><li><i><strong>나는 해외</strong></i></li></ol>','2023-04-27 10:04:47',0,'해외',0,'hong1',0,0),(1353,'나는 질문','<p>나는 질문</p>','2023-04-27 10:04:47',0,'질문',0,'hong1',0,0),(1354,'나는 자유','<p>나는 자유</p>','2023-04-27 10:04:47',0,'자유',0,'hong1',0,0),(1355,'나는 국내','<p>나는 국내</p>','2023-04-27 10:04:47',0,'국내',0,'moon111',0,0),(1356,'나는 해외','<p>나는 해외</p>','2023-04-27 10:04:47',0,'해외',0,'moon111',0,0),(1357,'나는 질문','<p>나는 질문</p>','2023-04-27 10:04:47',0,'질문',0,'moon111',0,0),(1358,'나는 자유','<p>나는 자유</p>','2023-04-27 10:04:47',0,'자유',0,'moon111',0,0),(1359,'대충 긴글','<p>대충 긴글대충 긴글대충 긴글대충 긴글대충 긴글대충 긴글대충 긴글대충 긴글대충 긴글대충 긴글대충 긴글대충 긴글대충 긴글대충 긴글대충 긴글대충 긴글대충 긴글대충 긴글대충 긴글대충 긴글대충 긴글대충 긴글대충 긴글대충 긴글대충 긴글대충 긴글대충 긴글대충 긴글대충 긴글대충 긴글대충 긴글대충 긴글대충 긴글대충 긴글대충 긴글대충 긴글대충 긴글대충 긴글대충 긴글대충 긴글대충 긴글대충 긴글대충 긴글대충 긴글대충 긴글대충 긴글대충 긴글대충 긴글대충 긴글대충 긴글대충 긴글대충 긴글대충 긴글대충 긴글대충 긴글대충 긴글대충 긴글대충 긴글대충 긴글대충 긴글대충 긴글대충 긴글대충 긴글대충 긴글대충 긴글대충 긴글대충 긴글대충 긴글대충 긴글대충 긴글대충 긴글대충 긴글대충 긴글대충 긴글대충 긴글대충 긴글대충 긴글대충 긴글대충 긴글대충 긴글대충 긴글대충 긴글대충 긴글대충 긴글대충 긴글대충 긴글대충 긴글대충 긴글대충 긴글대충 긴글대충 긴글대충 긴글대충 긴글대충 긴글대충 긴글대충 긴글대충 긴글대충 긴글대충 긴글대충 긴글대충 긴글대충 긴글대충 긴글대충 긴글대충 긴글대충 긴글대충 긴글대충 긴글대충 긴글대충 긴글대충 긴글대충 긴글대충 긴글대충 긴글대충 긴글대충 긴글대충 긴글대충 긴글대충 긴글대충 긴글대충 긴글대충 긴글대충 긴글대충 긴글대충 긴글대충 긴글대충 긴글대충 긴글대충 긴글대충 긴글대충 긴글대충 긴글대충 긴글대충 긴글대충 긴글대충 긴글대충 긴글대충 긴글대충 긴글대충 긴글대충 긴글대충 긴글대충 긴글대충 긴글대충 긴글대충 긴글대충 긴글대충 긴글대충 긴글대충 긴글대충 긴글대충 긴글대충 긴글대충 긴글대충 긴글대충 긴글대충 긴글대충 긴글대충 긴글대충 긴글대충 긴글대충 긴글대충 긴글대충 긴글대충 긴글대충 긴글대충 긴글대충 긴글대충 긴글대충 긴글대충 긴글대충 긴글대충 긴글대충 긴글대충 긴글대충 긴글대충 긴글대충 긴글대충 긴글대충 긴글대충 긴글대충 긴글대충 긴글대충 긴글대충 긴글대충 긴글대충 긴글대충 긴글대충 긴글대충 긴글대충 긴글대충 긴글대충 긴글대충 긴글대충 긴글대충 긴글대충 긴글대충 긴글대충 긴글대충 긴글대충 긴글대충 긴글대충 긴글대충 긴글대충 긴글대충 긴글대충 긴글대충 긴글대충 긴글대충 긴글대충 긴글대충 긴글대충 긴글대충 긴글대충 긴글대충 긴글대충 긴글대충 긴글대충 긴글대충 긴글대충 긴글대충 긴글대충 긴글대충 긴글대충 긴글대충 긴글대충 긴글대충 긴글대충 긴글대충 긴글대충 긴글대충 긴글대충 긴글대충 긴글대충 긴글대충 긴글대충 긴글대충 긴글대충 긴글대충 긴글대충 긴글대충 긴글대충 긴글대충 긴글대충 긴글대충 긴글대충 긴글대충 긴글대충 긴글대충 긴글대충 긴글대충 긴글대충 긴글대충 긴글대충 긴글대충 긴글대충 긴글대충 긴글대충 긴글대충 긴글대충 긴글대충 긴글대충 긴글대충 긴글대충 긴글대충 긴글대충 긴글대충 긴글대충 긴글대충 긴글대충 긴글</p>','2023-04-27 10:04:47',0,'국내',0,'moon111',0,0),(1360,'나는 국내','<p>나는 국내</p><p><strong>나는 국내</strong></p><p><i><strong>나는 국내</strong></i></p>','2023-04-27 10:04:47',0,'국내',0,'hong1',0,0),(1361,'나는 해외','<p>나는 해외</p><p><strong>나는 해외</strong></p><ol><li><i><strong>나는 해외</strong></i></li></ol>','2023-04-27 10:04:47',0,'해외',0,'hong1',0,0),(1362,'나는 질문','<p>나는 질문</p>','2023-04-27 10:04:47',0,'질문',0,'hong1',0,0),(1363,'나는 자유','<p>나는 자유</p>','2023-04-27 10:04:47',0,'자유',0,'hong1',0,0),(1364,'나는 국내','<p>나는 국내</p>','2023-04-27 10:04:47',0,'국내',0,'moon111',0,0),(1365,'나는 해외','<p>나는 해외</p>','2023-04-27 10:04:47',0,'해외',0,'moon111',0,0),(1366,'나는 질문','<p>나는 질문</p>','2023-04-27 10:04:47',0,'질문',0,'moon111',0,0),(1367,'나는 자유','<p>나는 자유</p>','2023-04-27 10:04:47',0,'자유',0,'moon111',0,0),(1368,'대충 긴글','<p>대충 긴글대충 긴글대충 긴글대충 긴글대충 긴글대충 긴글대충 긴글대충 긴글대충 긴글대충 긴글대충 긴글대충 긴글대충 긴글대충 긴글대충 긴글대충 긴글대충 긴글대충 긴글대충 긴글대충 긴글대충 긴글대충 긴글대충 긴글대충 긴글대충 긴글대충 긴글대충 긴글대충 긴글대충 긴글대충 긴글대충 긴글대충 긴글대충 긴글대충 긴글대충 긴글대충 긴글대충 긴글대충 긴글대충 긴글대충 긴글대충 긴글대충 긴글대충 긴글대충 긴글대충 긴글대충 긴글대충 긴글대충 긴글대충 긴글대충 긴글대충 긴글대충 긴글대충 긴글대충 긴글대충 긴글대충 긴글대충 긴글대충 긴글대충 긴글대충 긴글대충 긴글대충 긴글대충 긴글대충 긴글대충 긴글대충 긴글대충 긴글대충 긴글대충 긴글대충 긴글대충 긴글대충 긴글대충 긴글대충 긴글대충 긴글대충 긴글대충 긴글대충 긴글대충 긴글대충 긴글대충 긴글대충 긴글대충 긴글대충 긴글대충 긴글대충 긴글대충 긴글대충 긴글대충 긴글대충 긴글대충 긴글대충 긴글대충 긴글대충 긴글대충 긴글대충 긴글대충 긴글대충 긴글대충 긴글대충 긴글대충 긴글대충 긴글대충 긴글대충 긴글대충 긴글대충 긴글대충 긴글대충 긴글대충 긴글대충 긴글대충 긴글대충 긴글대충 긴글대충 긴글대충 긴글대충 긴글대충 긴글대충 긴글대충 긴글대충 긴글대충 긴글대충 긴글대충 긴글대충 긴글대충 긴글대충 긴글대충 긴글대충 긴글대충 긴글대충 긴글대충 긴글대충 긴글대충 긴글대충 긴글대충 긴글대충 긴글대충 긴글대충 긴글대충 긴글대충 긴글대충 긴글대충 긴글대충 긴글대충 긴글대충 긴글대충 긴글대충 긴글대충 긴글대충 긴글대충 긴글대충 긴글대충 긴글대충 긴글대충 긴글대충 긴글대충 긴글대충 긴글대충 긴글대충 긴글대충 긴글대충 긴글대충 긴글대충 긴글대충 긴글대충 긴글대충 긴글대충 긴글대충 긴글대충 긴글대충 긴글대충 긴글대충 긴글대충 긴글대충 긴글대충 긴글대충 긴글대충 긴글대충 긴글대충 긴글대충 긴글대충 긴글대충 긴글대충 긴글대충 긴글대충 긴글대충 긴글대충 긴글대충 긴글대충 긴글대충 긴글대충 긴글대충 긴글대충 긴글대충 긴글대충 긴글대충 긴글대충 긴글대충 긴글대충 긴글대충 긴글대충 긴글대충 긴글대충 긴글대충 긴글대충 긴글대충 긴글대충 긴글대충 긴글대충 긴글대충 긴글대충 긴글대충 긴글대충 긴글대충 긴글대충 긴글대충 긴글대충 긴글대충 긴글대충 긴글대충 긴글대충 긴글대충 긴글대충 긴글대충 긴글대충 긴글대충 긴글대충 긴글대충 긴글대충 긴글대충 긴글대충 긴글대충 긴글대충 긴글대충 긴글대충 긴글대충 긴글대충 긴글대충 긴글대충 긴글대충 긴글대충 긴글대충 긴글대충 긴글대충 긴글대충 긴글대충 긴글대충 긴글대충 긴글대충 긴글대충 긴글대충 긴글대충 긴글대충 긴글대충 긴글대충 긴글대충 긴글대충 긴글대충 긴글대충 긴글대충 긴글대충 긴글대충 긴글대충 긴글대충 긴글대충 긴글대충 긴글대충 긴글대충 긴글대충 긴글대충 긴글대충 긴글</p>','2023-04-27 10:04:47',0,'국내',0,'moon111',0,0),(1369,'나는 국내','<p>나는 국내</p><p><strong>나는 국내</strong></p><p><i><strong>나는 국내</strong></i></p>','2023-04-27 10:04:47',0,'국내',0,'hong1',0,0),(1370,'나는 해외','<p>나는 해외</p><p><strong>나는 해외</strong></p><ol><li><i><strong>나는 해외</strong></i></li></ol>','2023-04-27 10:04:47',0,'해외',0,'hong1',0,0),(1371,'나는 질문','<p>나는 질문</p>','2023-04-27 10:04:47',0,'질문',0,'hong1',0,0),(1372,'나는 자유','<p>나는 자유</p>','2023-04-27 10:04:47',0,'자유',0,'hong1',0,0),(1373,'나는 국내','<p>나는 국내</p>','2023-04-27 10:04:47',0,'국내',0,'moon111',0,0),(1374,'나는 해외','<p>나는 해외</p>','2023-04-27 10:04:47',0,'해외',0,'moon111',0,0),(1375,'나는 질문','<p>나는 질문</p>','2023-04-27 10:04:47',0,'질문',0,'moon111',0,0),(1376,'나는 자유','<p>나는 자유</p>','2023-04-27 10:04:47',0,'자유',0,'moon111',0,0),(1377,'대충 긴글','<p>대충 긴글대충 긴글대충 긴글대충 긴글대충 긴글대충 긴글대충 긴글대충 긴글대충 긴글대충 긴글대충 긴글대충 긴글대충 긴글대충 긴글대충 긴글대충 긴글대충 긴글대충 긴글대충 긴글대충 긴글대충 긴글대충 긴글대충 긴글대충 긴글대충 긴글대충 긴글대충 긴글대충 긴글대충 긴글대충 긴글대충 긴글대충 긴글대충 긴글대충 긴글대충 긴글대충 긴글대충 긴글대충 긴글대충 긴글대충 긴글대충 긴글대충 긴글대충 긴글대충 긴글대충 긴글대충 긴글대충 긴글대충 긴글대충 긴글대충 긴글대충 긴글대충 긴글대충 긴글대충 긴글대충 긴글대충 긴글대충 긴글대충 긴글대충 긴글대충 긴글대충 긴글대충 긴글대충 긴글대충 긴글대충 긴글대충 긴글대충 긴글대충 긴글대충 긴글대충 긴글대충 긴글대충 긴글대충 긴글대충 긴글대충 긴글대충 긴글대충 긴글대충 긴글대충 긴글대충 긴글대충 긴글대충 긴글대충 긴글대충 긴글대충 긴글대충 긴글대충 긴글대충 긴글대충 긴글대충 긴글대충 긴글대충 긴글대충 긴글대충 긴글대충 긴글대충 긴글대충 긴글대충 긴글대충 긴글대충 긴글대충 긴글대충 긴글대충 긴글대충 긴글대충 긴글대충 긴글대충 긴글대충 긴글대충 긴글대충 긴글대충 긴글대충 긴글대충 긴글대충 긴글대충 긴글대충 긴글대충 긴글대충 긴글대충 긴글대충 긴글대충 긴글대충 긴글대충 긴글대충 긴글대충 긴글대충 긴글대충 긴글대충 긴글대충 긴글대충 긴글대충 긴글대충 긴글대충 긴글대충 긴글대충 긴글대충 긴글대충 긴글대충 긴글대충 긴글대충 긴글대충 긴글대충 긴글대충 긴글대충 긴글대충 긴글대충 긴글대충 긴글대충 긴글대충 긴글대충 긴글대충 긴글대충 긴글대충 긴글대충 긴글대충 긴글대충 긴글대충 긴글대충 긴글대충 긴글대충 긴글대충 긴글대충 긴글대충 긴글대충 긴글대충 긴글대충 긴글대충 긴글대충 긴글대충 긴글대충 긴글대충 긴글대충 긴글대충 긴글대충 긴글대충 긴글대충 긴글대충 긴글대충 긴글대충 긴글대충 긴글대충 긴글대충 긴글대충 긴글대충 긴글대충 긴글대충 긴글대충 긴글대충 긴글대충 긴글대충 긴글대충 긴글대충 긴글대충 긴글대충 긴글대충 긴글대충 긴글대충 긴글대충 긴글대충 긴글대충 긴글대충 긴글대충 긴글대충 긴글대충 긴글대충 긴글대충 긴글대충 긴글대충 긴글대충 긴글대충 긴글대충 긴글대충 긴글대충 긴글대충 긴글대충 긴글대충 긴글대충 긴글대충 긴글대충 긴글대충 긴글대충 긴글대충 긴글대충 긴글대충 긴글대충 긴글대충 긴글대충 긴글대충 긴글대충 긴글대충 긴글대충 긴글대충 긴글대충 긴글대충 긴글대충 긴글대충 긴글대충 긴글대충 긴글대충 긴글대충 긴글대충 긴글대충 긴글대충 긴글대충 긴글대충 긴글대충 긴글대충 긴글대충 긴글대충 긴글대충 긴글대충 긴글대충 긴글대충 긴글대충 긴글대충 긴글대충 긴글대충 긴글대충 긴글대충 긴글대충 긴글대충 긴글대충 긴글대충 긴글대충 긴글대충 긴글대충 긴글대충 긴글대충 긴글대충 긴글대충 긴글대충 긴글</p>','2023-04-27 10:04:47',0,'국내',0,'moon111',0,0),(1378,'나는 국내','<p>나는 국내</p><p><strong>나는 국내</strong></p><p><i><strong>나는 국내</strong></i></p>','2023-04-27 10:04:47',0,'국내',0,'hong1',0,0),(1379,'나는 해외','<p>나는 해외</p><p><strong>나는 해외</strong></p><ol><li><i><strong>나는 해외</strong></i></li></ol>','2023-04-27 10:04:47',0,'해외',0,'hong1',0,0),(1380,'나는 질문','<p>나는 질문</p>','2023-04-27 10:04:47',0,'질문',0,'hong1',0,0),(1381,'나는 자유','<p>나는 자유</p>','2023-04-27 10:04:47',0,'자유',0,'hong1',0,0),(1382,'나는 국내','<p>나는 국내</p>','2023-04-27 10:04:47',0,'국내',0,'moon111',0,0),(1383,'나는 해외','<p>나는 해외</p>','2023-04-27 10:04:47',1,'해외',0,'moon111',0,0),(1384,'나는 질문','<p>나는 질문</p>','2023-04-27 10:04:47',0,'질문',0,'moon111',0,0),(1385,'나는 자유','<p>나는 자유</p>','2023-04-27 10:04:47',0,'자유',0,'moon111',0,0),(1386,'대충 긴글','<p>대충 긴글대충 긴글대충 긴글대충 긴글대충 긴글대충 긴글대충 긴글대충 긴글대충 긴글대충 긴글대충 긴글대충 긴글대충 긴글대충 긴글대충 긴글대충 긴글대충 긴글대충 긴글대충 긴글대충 긴글대충 긴글대충 긴글대충 긴글대충 긴글대충 긴글대충 긴글대충 긴글대충 긴글대충 긴글대충 긴글대충 긴글대충 긴글대충 긴글대충 긴글대충 긴글대충 긴글대충 긴글대충 긴글대충 긴글대충 긴글대충 긴글대충 긴글대충 긴글대충 긴글대충 긴글대충 긴글대충 긴글대충 긴글대충 긴글대충 긴글대충 긴글대충 긴글대충 긴글대충 긴글대충 긴글대충 긴글대충 긴글대충 긴글대충 긴글대충 긴글대충 긴글대충 긴글대충 긴글대충 긴글대충 긴글대충 긴글대충 긴글대충 긴글대충 긴글대충 긴글대충 긴글대충 긴글대충 긴글대충 긴글대충 긴글대충 긴글대충 긴글대충 긴글대충 긴글대충 긴글대충 긴글대충 긴글대충 긴글대충 긴글대충 긴글대충 긴글대충 긴글대충 긴글대충 긴글대충 긴글대충 긴글대충 긴글대충 긴글대충 긴글대충 긴글대충 긴글대충 긴글대충 긴글대충 긴글대충 긴글대충 긴글대충 긴글대충 긴글대충 긴글대충 긴글대충 긴글대충 긴글대충 긴글대충 긴글대충 긴글대충 긴글대충 긴글대충 긴글대충 긴글대충 긴글대충 긴글대충 긴글대충 긴글대충 긴글대충 긴글대충 긴글대충 긴글대충 긴글대충 긴글대충 긴글대충 긴글대충 긴글대충 긴글대충 긴글대충 긴글대충 긴글대충 긴글대충 긴글대충 긴글대충 긴글대충 긴글대충 긴글대충 긴글대충 긴글대충 긴글대충 긴글대충 긴글대충 긴글대충 긴글대충 긴글대충 긴글대충 긴글대충 긴글대충 긴글대충 긴글대충 긴글대충 긴글대충 긴글대충 긴글대충 긴글대충 긴글대충 긴글대충 긴글대충 긴글대충 긴글대충 긴글대충 긴글대충 긴글대충 긴글대충 긴글대충 긴글대충 긴글대충 긴글대충 긴글대충 긴글대충 긴글대충 긴글대충 긴글대충 긴글대충 긴글대충 긴글대충 긴글대충 긴글대충 긴글대충 긴글대충 긴글대충 긴글대충 긴글대충 긴글대충 긴글대충 긴글대충 긴글대충 긴글대충 긴글대충 긴글대충 긴글대충 긴글대충 긴글대충 긴글대충 긴글대충 긴글대충 긴글대충 긴글대충 긴글대충 긴글대충 긴글대충 긴글대충 긴글대충 긴글대충 긴글대충 긴글대충 긴글대충 긴글대충 긴글대충 긴글대충 긴글대충 긴글대충 긴글대충 긴글대충 긴글대충 긴글대충 긴글대충 긴글대충 긴글대충 긴글대충 긴글대충 긴글대충 긴글대충 긴글대충 긴글대충 긴글대충 긴글대충 긴글대충 긴글대충 긴글대충 긴글대충 긴글대충 긴글대충 긴글대충 긴글대충 긴글대충 긴글대충 긴글대충 긴글대충 긴글대충 긴글대충 긴글대충 긴글대충 긴글대충 긴글대충 긴글대충 긴글대충 긴글대충 긴글대충 긴글대충 긴글대충 긴글대충 긴글대충 긴글대충 긴글대충 긴글대충 긴글대충 긴글대충 긴글대충 긴글대충 긴글대충 긴글대충 긴글대충 긴글대충 긴글대충 긴글대충 긴글대충 긴글대충 긴글대충 긴글대충 긴글</p>','2023-04-27 10:04:47',0,'국내',0,'moon111',0,0),(1387,'나는 국내','<p>나는 국내</p><p><strong>나는 국내</strong></p><p><i><strong>나는 국내</strong></i></p>','2023-04-27 10:04:47',3,'국내',0,'hong1',0,0),(1388,'나는 해외','<p>나는 해외</p><p><strong>나는 해외</strong></p><ol><li><i><strong>나는 해외</strong></i></li></ol>','2023-04-27 10:04:47',1,'해외',0,'hong1',0,0),(1389,'나는 질문','<p>나는 질문</p>','2023-04-27 10:04:47',0,'질문',0,'hong1',0,0),(1390,'나는 자유','<p>나는 자유</p>','2023-04-27 10:04:47',0,'자유',0,'hong1',0,0),(1391,'나는 국내','<p>나는 국내</p>','2023-04-27 10:04:47',2,'국내',0,'moon111',0,0),(1392,'나는 해외','<p>나는 해외</p>','2023-04-27 10:04:47',1,'해외',0,'moon111',0,0),(1393,'나는 질문','<p>나는 질문</p>','2023-04-27 10:04:47',0,'질문',0,'moon111',0,0),(1394,'나는 자유','<p>나는 자유</p>','2023-04-27 10:04:47',1,'자유',0,'moon111',0,0),(1395,'대충 긴글','<p>대충 긴글대충 긴글대충 긴글대충 긴글대충 긴글대충 긴글대충 긴글대충 긴글대충 긴글대충 긴글대충 긴글대충 긴글대충 긴글대충 긴글대충 긴글대충 긴글대충 긴글대충 긴글대충 긴글대충 긴글대충 긴글대충 긴글대충 긴글대충 긴글대충 긴글대충 긴글대충 긴글대충 긴글대충 긴글대충 긴글대충 긴글대충 긴글대충 긴글대충 긴글대충 긴글대충 긴글대충 긴글대충 긴글대충 긴글대충 긴글대충 긴글대충 긴글대충 긴글대충 긴글대충 긴글대충 긴글대충 긴글대충 긴글대충 긴글대충 긴글대충 긴글대충 긴글대충 긴글대충 긴글대충 긴글대충 긴글대충 긴글대충 긴글대충 긴글대충 긴글대충 긴글대충 긴글대충 긴글대충 긴글대충 긴글대충 긴글대충 긴글대충 긴글대충 긴글대충 긴글대충 긴글대충 긴글대충 긴글대충 긴글대충 긴글대충 긴글대충 긴글대충 긴글대충 긴글대충 긴글대충 긴글대충 긴글대충 긴글대충 긴글대충 긴글대충 긴글대충 긴글대충 긴글대충 긴글대충 긴글대충 긴글대충 긴글대충 긴글대충 긴글대충 긴글대충 긴글대충 긴글대충 긴글대충 긴글대충 긴글대충 긴글대충 긴글대충 긴글대충 긴글대충 긴글대충 긴글대충 긴글대충 긴글대충 긴글대충 긴글대충 긴글대충 긴글대충 긴글대충 긴글대충 긴글대충 긴글대충 긴글대충 긴글대충 긴글대충 긴글대충 긴글대충 긴글대충 긴글대충 긴글대충 긴글대충 긴글대충 긴글대충 긴글대충 긴글대충 긴글대충 긴글대충 긴글대충 긴글대충 긴글대충 긴글대충 긴글대충 긴글대충 긴글대충 긴글대충 긴글대충 긴글대충 긴글대충 긴글대충 긴글대충 긴글대충 긴글대충 긴글대충 긴글대충 긴글대충 긴글대충 긴글대충 긴글대충 긴글대충 긴글대충 긴글대충 긴글대충 긴글대충 긴글대충 긴글대충 긴글대충 긴글대충 긴글대충 긴글대충 긴글대충 긴글대충 긴글대충 긴글대충 긴글대충 긴글대충 긴글대충 긴글대충 긴글대충 긴글대충 긴글대충 긴글대충 긴글대충 긴글대충 긴글대충 긴글대충 긴글대충 긴글대충 긴글대충 긴글대충 긴글대충 긴글대충 긴글대충 긴글대충 긴글대충 긴글대충 긴글대충 긴글대충 긴글대충 긴글대충 긴글대충 긴글대충 긴글대충 긴글대충 긴글대충 긴글대충 긴글대충 긴글대충 긴글대충 긴글대충 긴글대충 긴글대충 긴글대충 긴글대충 긴글대충 긴글대충 긴글대충 긴글대충 긴글대충 긴글대충 긴글대충 긴글대충 긴글대충 긴글대충 긴글대충 긴글대충 긴글대충 긴글대충 긴글대충 긴글대충 긴글대충 긴글대충 긴글대충 긴글대충 긴글대충 긴글대충 긴글대충 긴글대충 긴글대충 긴글대충 긴글대충 긴글대충 긴글대충 긴글대충 긴글대충 긴글대충 긴글대충 긴글대충 긴글대충 긴글대충 긴글대충 긴글대충 긴글대충 긴글대충 긴글대충 긴글대충 긴글대충 긴글대충 긴글대충 긴글대충 긴글대충 긴글대충 긴글대충 긴글대충 긴글대충 긴글대충 긴글대충 긴글대충 긴글대충 긴글대충 긴글대충 긴글대충 긴글대충 긴글대충 긴글대충 긴글대충 긴글대충 긴글</p>','2023-04-27 10:04:47',5,'국내',0,'moon111',1,0),(1507,'난초 보고가셈','','2023-04-27 11:12:09',35,'자유',0,'hong1',1,0),(1508,'난초 보고가셈 2트','<p>나는 일반</p><p><strong>나는 굵다</strong></p><p><i>나는 기울어져있다</i></p><h2>나는 크다</h2><p>&nbsp;</p><ol><li>나는 번호</li></ol><p>나는 링크</p><p><a href=\"https://gall.dcinside.com/board/view/?id=tree&amp;no=619814&amp;exception_mode=recommend&amp;page=1\">https://gall.dcinside.com/board/view/?id=tree&amp;no=619814&amp;exception_mode=recommend&amp;page=1</a></p>','2023-04-27 11:52:16',261,'해외',0,'hong1',1,0),(1512,'aaaa','<p><strong>wqqqq</strong></p><h2><i><strong>wqqqq</strong></i></h2><p><a href=\"https://www.lotteworld.com/gate.html\"><i><strong>https://www.lotteworld.com/gate.html</strong></i></a></p>','2023-05-02 16:36:42',5,'국내',0,'hong1',0,1);
/*!40000 ALTER TABLE `board` ENABLE KEYS */;
UNLOCK TABLES;

--
-- Table structure for table `boardimg`
--

DROP TABLE IF EXISTS `boardimg`;
/*!40101 SET @saved_cs_client     = @@character_set_client */;
/*!50503 SET character_set_client = utf8mb4 */;
CREATE TABLE `boardimg` (
  `boardImg_num` int NOT NULL AUTO_INCREMENT,
  `board_id` int DEFAULT NULL,
  `boardImg` varchar(1000) NOT NULL,
  `announcement_num` int DEFAULT NULL,
  `inquiry_num` int DEFAULT NULL,
  PRIMARY KEY (`boardImg_num`),
  KEY `board_id` (`board_id`),
  KEY `inquiry_num` (`inquiry_num`),
  KEY `announcement_num` (`announcement_num`),
  CONSTRAINT `boardimg_ibfk_1` FOREIGN KEY (`board_id`) REFERENCES `board` (`board_id`) ON DELETE CASCADE,
  CONSTRAINT `boardimg_ibfk_2` FOREIGN KEY (`announcement_num`) REFERENCES `announcement` (`announcement_num`) ON DELETE CASCADE,
  CONSTRAINT `boardimg_ibfk_3` FOREIGN KEY (`inquiry_num`) REFERENCES `inquiry` (`inquiry_num`) ON DELETE CASCADE,
  CONSTRAINT `boardimg_ibfk_4` FOREIGN KEY (`inquiry_num`) REFERENCES `inquiry` (`inquiry_num`) ON DELETE CASCADE,
  CONSTRAINT `boardimg_ibfk_5` FOREIGN KEY (`announcement_num`) REFERENCES `announcement` (`announcement_num`) ON DELETE CASCADE
) ENGINE=InnoDB AUTO_INCREMENT=43 DEFAULT CHARSET=utf8mb4 COLLATE=utf8mb4_0900_ai_ci;
/*!40101 SET character_set_client = @saved_cs_client */;

--
-- Dumping data for table `boardimg`
--

LOCK TABLES `boardimg` WRITE;
/*!40000 ALTER TABLE `boardimg` DISABLE KEYS */;
INSERT INTO `boardimg` VALUES (3,2,'1682469495808겁내큰냥이.jpg',NULL,NULL),(23,NULL,'1682496310801202302201022458560.jpg',7,NULL),(24,6,'1682556566120겁내큰냥이.jpg',NULL,NULL),(25,6,'1682556566131냥이.jpg',NULL,NULL),(26,6,'1682556566139냥이2.jpg',NULL,NULL),(27,1507,'1682561528582난초1.jpg',NULL,NULL),(28,1507,'1682561528587난초2.jpg',NULL,NULL),(31,NULL,'1682564017112에버랜드.jpg',8,NULL),(32,NULL,'1682566150148143854_149286_5624.png',NULL,85),(33,NULL,'1682906418777겁내큰냥이.jpg',NULL,88),(34,NULL,'1682906418785냥이.jpg',NULL,88),(35,NULL,'1682906418789냥이2.jpg',NULL,88),(36,1508,'1683000588897난초1.jpg',NULL,NULL),(37,1508,'1683000588905난초2.jpg',NULL,NULL),(39,1512,'1683013002563KakaoTalk_20230502_163016498.jpg',NULL,NULL),(41,NULL,'1683013277583KakaoTalk_20230502_163016416.jpg',NULL,89),(42,NULL,'1683013277588KakaoTalk_20230502_163016498.jpg',NULL,89);
/*!40000 ALTER TABLE `boardimg` ENABLE KEYS */;
UNLOCK TABLES;

--
-- Table structure for table `boardreply`
--

DROP TABLE IF EXISTS `boardreply`;
/*!40101 SET @saved_cs_client     = @@character_set_client */;
/*!50503 SET character_set_client = utf8mb4 */;
CREATE TABLE `boardreply` (
  `reply_num` int NOT NULL AUTO_INCREMENT,
  `board_id` int NOT NULL,
  `member_id` varchar(45) NOT NULL,
  `b_reply` text NOT NULL,
  `postdate` datetime DEFAULT CURRENT_TIMESTAMP,
  `ref` int DEFAULT '0',
  `seq` int DEFAULT '0',
  `lev` int DEFAULT '0',
  PRIMARY KEY (`reply_num`),
  KEY `board_id` (`board_id`),
  CONSTRAINT `boardreply_ibfk_1` FOREIGN KEY (`board_id`) REFERENCES `board` (`board_id`) ON DELETE CASCADE
) ENGINE=InnoDB AUTO_INCREMENT=50 DEFAULT CHARSET=utf8mb4 COLLATE=utf8mb4_0900_ai_ci;
/*!40101 SET character_set_client = @saved_cs_client */;

--
-- Dumping data for table `boardreply`
--

LOCK TABLES `boardreply` WRITE;
/*!40000 ALTER TABLE `boardreply` DISABLE KEYS */;
INSERT INTO `boardreply` VALUES (2,2,'hong1','&amp;nbsp;?&amp;nbsp;&amp;nbsp;?&amp;nbsp;&amp;nbsp;?&amp;nbsp;&amp;nbsp;?&amp;nbsp;&amp;nbsp;?&amp;nbsp;','2023-04-26 09:56:26',2,0,0),(3,2,'hong1','뭐지뭐지뭐지','2023-04-26 12:13:38',2,0,0),(4,2,'hong1','뭐지뭐지뭐지','2023-04-26 12:13:43',2,0,0),(5,2,'hong1','뭐지뭐지뭐지','2023-04-26 12:13:43',2,0,0),(6,2,'hong1','뭐지뭐지뭐지','2023-04-26 12:13:44',2,0,0),(7,2,'hong1','뭐지뭐지뭐지','2023-04-26 12:13:44',2,0,0),(8,2,'hong1','뭐지뭐지뭐지','2023-04-26 12:13:44',2,0,0),(9,2,'hong1','뭐지뭐지뭐지','2023-04-26 12:13:44',2,0,0),(10,2,'hong1','아아아아아아ㅏㅇ아아아아아아아','2023-04-26 12:14:39',2,0,0),(11,2,'hong1','아아아아아아ㅏㅇ아아아아아아아','2023-04-26 12:14:40',2,0,0),(12,2,'hong1','아아아아아아ㅏㅇ아아아아아아아','2023-04-26 12:14:40',2,0,0),(13,2,'hong1','아아아아아아ㅏㅇ아아아아아아아','2023-04-26 12:14:40',2,0,0),(14,2,'hong1','아아아아아아ㅏㅇ아아아아아아아','2023-04-26 12:14:40',2,0,0),(15,2,'hong1','<p>나는 국내</p><p><strong>나는 국내</strong></p><p><i><strong>나는 국내</strong></i></p>','2023-04-26 13:11:41',2,0,0),(16,2,'',' ? ','2023-04-26 14:22:31',0,0,0),(17,2,'hong1',' ?  ?  ? 대박~!','2023-04-26 15:09:31',0,0,0),(20,1507,'hong1','와우','2023-04-27 11:15:13',20,0,0),(22,1507,'hong1','&amp;nbsp;?&amp;nbsp;&amp;nbsp;?&amp;nbsp;&amp;nbsp;?&amp;nbsp;&amp;nbsp;?&amp;nbsp;&amp;nbsp;?&amp;nbsp;&amp;nbsp;?&amp;nbsp;','2023-04-27 11:15:30',22,0,0),(23,1507,'hong1','와우','2023-04-27 11:45:52',20,1,0),(24,1507,'hong1','&amp;nbsp;?&amp;nbsp;&amp;nbsp;?&amp;nbsp;&amp;nbsp;?&amp;nbsp;&amp;nbsp;?&amp;nbsp;&amp;nbsp;?&amp;nbsp;&amp;nbsp;?&amp;nbsp;','2023-04-27 11:45:57',22,1,0),(25,1507,'hong1','난초&amp;nbsp;비싸요&amp;nbsp;?&amp;nbsp;&amp;nbsp;?&amp;nbsp;','2023-04-27 12:11:51',25,0,0),(26,1508,'hong1','3트도&amp;nbsp;있나요?','2023-04-27 12:12:58',26,0,0),(28,1508,'moon111','2','2023-04-28 11:08:50',28,0,0),(29,1508,'moon111','3','2023-04-28 11:08:51',29,0,0),(30,1508,'moon111','4','2023-04-28 11:08:53',30,0,0),(31,1508,'moon111','5','2023-04-28 11:08:55',31,0,0),(32,1508,'moon111','6','2023-04-28 11:08:57',32,0,0),(33,1508,'moon111','7','2023-04-28 11:08:59',33,0,0),(34,1508,'moon111','8','2023-04-28 11:09:01',34,0,0),(35,1508,'moon111','9','2023-04-28 11:09:03',35,0,0),(36,1508,'moon111','0','2023-04-28 11:09:05',36,0,0),(37,1508,'moon111','11','2023-04-28 11:09:09',37,0,0),(38,1387,'moon111','&amp;nbsp;?&amp;nbsp;','2023-04-28 11:48:08',38,0,0),(41,1160,'','누누누누누','2023-04-28 12:01:23',NULL,NULL,0),(42,1508,'moon111','2','2023-05-01 09:41:38',33,1,0),(45,1508,'hong1','없어용&amp;nbsp;?&amp;nbsp;&amp;nbsp;?&amp;nbsp;&amp;nbsp;?&amp;nbsp;&amp;nbsp;?&amp;nbsp;&amp;nbsp;?&amp;nbsp;&amp;nbsp;?&amp;nbsp;','2023-05-02 09:57:50',26,1,0),(46,1512,'hong1','&amp;nbsp;?&amp;nbsp;&amp;nbsp;?&amp;nbsp;&amp;nbsp;?&amp;nbsp;&amp;nbsp;?&amp;nbsp;&amp;nbsp;?&amp;nbsp;','2023-05-02 16:36:56',46,0,0),(47,1512,'hong1','&amp;lt;div','2023-05-02 16:37:05',47,0,0),(48,1512,'hong1','11111&amp;nbsp;?&amp;nbsp;&amp;nbsp;?&amp;nbsp;&amp;nbsp;?&amp;nbsp;&amp;nbsp;?&amp;nbsp;&amp;nbsp;?&amp;nbsp;','2023-05-02 16:37:13',46,1,0),(49,1512,'hong1','sadasdsadasd','2023-05-02 16:37:24',46,2,0);
/*!40000 ALTER TABLE `boardreply` ENABLE KEYS */;
UNLOCK TABLES;

--
-- Table structure for table `chat`
--

DROP TABLE IF EXISTS `chat`;
/*!40101 SET @saved_cs_client     = @@character_set_client */;
/*!50503 SET character_set_client = utf8mb4 */;
CREATE TABLE `chat` (
  `chat_id` int NOT NULL AUTO_INCREMENT,
  `member_id` varchar(45) NOT NULL,
  `postdate` datetime DEFAULT CURRENT_TIMESTAMP,
  PRIMARY KEY (`chat_id`)
) ENGINE=InnoDB AUTO_INCREMENT=150 DEFAULT CHARSET=utf8mb4 COLLATE=utf8mb4_0900_ai_ci;
/*!40101 SET character_set_client = @saved_cs_client */;

--
-- Dumping data for table `chat`
--

LOCK TABLES `chat` WRITE;
/*!40000 ALTER TABLE `chat` DISABLE KEYS */;
/*!40000 ALTER TABLE `chat` ENABLE KEYS */;
UNLOCK TABLES;

--
-- Table structure for table `facility`
--

DROP TABLE IF EXISTS `facility`;
/*!40101 SET @saved_cs_client     = @@character_set_client */;
/*!50503 SET character_set_client = utf8mb4 */;
CREATE TABLE `facility` (
  `facility_id` int NOT NULL AUTO_INCREMENT,
  `amuse_id` int NOT NULL,
  `f_name` varchar(45) NOT NULL,
  `f_location` varchar(45) NOT NULL,
  `f_info` varchar(200) NOT NULL,
  `f_note` varchar(100) DEFAULT NULL,
  `f_img` varchar(200) DEFAULT NULL,
  PRIMARY KEY (`facility_id`),
  KEY `amuse_id` (`amuse_id`),
  CONSTRAINT `facility_ibfk_1` FOREIGN KEY (`amuse_id`) REFERENCES `amusement` (`amuse_id`),
  CONSTRAINT `facility_ibfk_2` FOREIGN KEY (`amuse_id`) REFERENCES `amusement` (`amuse_id`)
) ENGINE=InnoDB AUTO_INCREMENT=124 DEFAULT CHARSET=utf8mb4 COLLATE=utf8mb4_0900_ai_ci;
/*!40101 SET character_set_client = @saved_cs_client */;

--
-- Dumping data for table `facility`
--

LOCK TABLES `facility` WRITE;
/*!40000 ALTER TABLE `facility` DISABLE KEYS */;
INSERT INTO `facility` VALUES (1,1,'물품보관함','어드벤쳐 지하 1층 언더랜드','물품보관함에 물건을 맡기고 보다 편하게 파크를 즐기세요','이용요금 2000원','https://adventure.lotteworld.com/common/images/icon/guideArea2_icon11.png'),(2,1,'미아보호소','어드벤쳐 1층','아이를 잃어버리신 경우 찾아드리거나 보호하고 있으니 미아보호소를 방문해 주세요',NULL,'https://adventure.lotteworld.com/common/images/icon/guideArea2_icon8.png'),(3,1,'분실물센터','어드벤쳐 1층','잃어버린 물건이 있으시다면 분실물 센터를 찾아주세요',NULL,'https://adventure.lotteworld.com/common/images/icon/guideArea2_icon10.png'),(4,1,'의무실','어드벤쳐 1층','몸이 아프시거나 이상이 있어 도움이 필요하시다면 의무실을 방문해 주세요',NULL,'https://adventure.lotteworld.com/common/images/icon/guideArea2_icon5.png'),(5,1,'유모차대여소','어드벤쳐 1층 손님상담실','가족 손님께 파크 내에서 사용 가능한 유모차를 대여해 드리고 있습니다',NULL,'https://adventure.lotteworld.com/common/images/icon/guideArea2_icon3.png'),(6,1,'현금지급기','어드벤쳐 1층','현금이 필요하시다면 가까운 현금지급기를 이용해주세요',NULL,'	https://adventure.lotteworld.com/common/images/icon/guideArea2_icon9_on.png'),(7,2,'물품보관함','파크곳곳','물품보관함에 물건을 맡기고 보다 편하게 파크를 즐기세요',NULL,'https://adventure.lotteworld.com/common/images/icon/guideArea2_icon11.png'),(8,2,'미아보호소','손님상담실/알파인매표소','아이를 잃어버리신 경우 찾아드리거나 보호하고 있으니 미아보호소를 방문해 주세요',NULL,'https://adventure.lotteworld.com/common/images/icon/guideArea2_icon8.png'),(9,2,'분실물센터','손님상담실/알파인매표소','잃어버린 물건이 있으시다면 분실물 센터를 찾아주세요',NULL,'https://adventure.lotteworld.com/common/images/icon/guideArea2_icon10.png'),(10,2,'의무실','정문/알파인 의무실','몸이 아프시거나 이상이 있어 도움이 필요하시다면 의무실을 방문해 주세요',NULL,'https://adventure.lotteworld.com/common/images/icon/guideArea2_icon5.png'),(11,2,'자동제세동기','파크곳곳 ','응급상황 시 이용하세요',NULL,'https://e7.pngegg.com/pngimages/445/82/png-clipart-heart-automated-external-defibrillators-computer-icons-defibrillation-heart-love-child.png'),(12,2,'유모차대여소','스카이크루즈 상단 맞은편','유모차가 필요할 때 찾아주세요',NULL,'https://adventure.lotteworld.com/common/images/icon/guideArea2_icon3.png'),(55,3,'고객 서비스','파크 입구','파크에 대해 궁금하시다면 찾아주세요. 파크 안내와 함께 미아보호, 분실물 접수 및 수령, 히어로패스 발급을 도움드리고 있습니다.','','https://www.legoland.kr/media/vgpfjkxj/screen-shot-2022-04-06-at-3-20-50-pm.png?anchor=center&mode=crop&format=webp&quality=80&width=230&height=230'),(62,3,'유모차 대여','파크 입구 근처','유모차는 파크 입구를 지나면 바로 위치하고 있는 유모차 대여소에서 유료로 대여 가능합니다. (수량 제한으로 선착순 대여) *유모차는 24개월 미만 어린이만 이용하실 수 있습니다.','대여료 : 6,000 원 보증금 : 10,000 원','https://www.legoland.kr/media/crkfnkej/stroller.jpg?anchor=center&mode=crop&format=webp&quality=80&width=230&height=230'),(63,3,'휠체어 대여','파크 입구 근처','휠체어는 파크 입구를 지나면 바로 위치하고 있는 휠체어 대여소에서 유료로 대여 가능합니다. (수량 제한으로 선착순 대여)','대여료 : 4,000 원 보증금 : 10,000 원','https://www.legoland.kr/media/geviuq0p/wheelchair.jpg?anchor=center&mode=crop&format=webp&quality=80&width=230&height=230'),(64,3,'휴대용 충전기 대여','파크 전체','휴대용 충전기는 파크 곳곳에 있는 LGU+ 휴대용 충전기 대여소에서 무료로 대여 가능합니다.','보증금:1,000원','https://www.legoland.kr/media/gjghmdeu/phone-charge.jpg?anchor=center&mode=crop&format=webp&quality=80&width=230&height=230'),(66,3,'의무실','시티 레스토랑 옆','갑자기 컨디션이 안 좋으신가요? 넘어져서 피가 난다구요? 시티 레스토랑 옆에 있는 응급처치실을 지금 바로 찾아주세요!',NULL,'https://www.legoland.kr/media/fkpiobtg/screen-shot-2022-04-06-at-3-20-42-pm.png?anchor=center&mode=crop&format=webp&quality=80&width=230&height=230'),(71,4,'물품보관함','정문 주변(파크 안 2곳, 파크 밖 6곳)','기념품과 짐 등은 물품보관함에 맡기세요.','초대형: 800엔, 특대형: 800엔, 대형: 600엔, 중형: 500엔, 소형: 400엔','https://media1.tokyodisneyresort.jp/images/adventure/service/241_map_name_1.jpg?mod=20230316144402'),(72,4,'메인스트리트 종합안내소','월드 바자','월드 바자 안에 있는 종합정보 서비스 시설입니다. 어트랙션과 공연 안내, 메시지 전달 서비스까지 무엇이든 언제든지 문의해 주십시오.','','https://media1.tokyodisneyresort.jp/images/adventure/service/211_map_name_1.jpg?mod=20230215111408'),(73,4,'미아센터','월드 바자','미아가 된 초등학생 이하의 어린이를 보호하는 시설입니다. 파크 안팎의 시설과 연락을 통해서 보호자가 어린이를 신속하게 찾을 수 있도록 도와 드립니다.','','https://media1.tokyodisneyresort.jp/images/adventure/service/181_map_name_1.jpg?mod=20230215111659'),(74,4,'티켓부스 이스트','파크 밖','도쿄디즈니랜드 정문 입구 바로 앞에 위치한 티켓부스 이스트웨스트입니다. 파크 티켓은 판매하지 않습니다. 파크 티켓은 미리 도쿄디즈니리조트 오피셜 웹사이트에서 구매해 주십시오.','','https://media1.tokyodisneyresort.jp/images/adventure/service/101_map_name_1.jpg?mod=20230328141548'),(75,4,'현금자동입출금기','월드 바자','월드 바자 안에 있으며 현금 인출과 외화 환전을 실시하고 있습니다.','','https://media1.tokyodisneyresort.jp/images/adventure/service/161_map_name_1.jpg?mod=20230301110554'),(76,6,'물품보관함','파크곳곳','물품보관함에 물건을 맡기고 보다 편하게 파크를 즐기세요',NULL,'https://adventure.lotteworld.com/common/images/icon/guideArea2_icon11.png'),(77,6,'미아보호소','손님상담실/알파인매표소','아이를 잃어버리신 경우 찾아드리거나 보호하고 있으니 미아보호소를 방문해 주세요',NULL,'https://adventure.lotteworld.com/common/images/icon/guideArea2_icon8.png'),(78,6,'분실물센터','손님상담실/알파인매표소','잃어버린 물건이 있으시다면 분실물 센터를 찾아주세요',NULL,'https://adventure.lotteworld.com/common/images/icon/guideArea2_icon10.png'),(79,6,'의무실','정문/알파인 의무실','몸이 아프시거나 이상이 있어member_id 도움이 필요하시다면 의무실을 방문해 주세요',NULL,'https://adventure.lotteworld.com/common/images/icon/guideArea2_icon5.png'),(80,6,'자동제세동기','파크곳곳 ','응급상황 시 이용하세요',NULL,'https://e7.pngegg.com/pngimages/445/82/png-clipart-heart-automated-external-defibrillators-computer-icons-defibrillation-heart-love-child.png'),(81,6,'유모차대여소','스카이크루즈 상단 맞은편','유모차가 필요할 때 찾아주세요',NULL,'https://adventure.lotteworld.com/common/images/icon/guideArea2_icon3.png'),(82,23,'물품보관함','파크곳곳','물품보관함에 물건을 맡기고 보다 편하게 파크를 즐기세요',NULL,'https://adventure.lotteworld.com/common/images/icon/guideArea2_icon11.png'),(83,23,'미아보호소','손님상담실/알파인매표소','아이를 잃어버리신 경우 찾아드리거나 보호하고 있으니 미아보호소를 방문해 주세요',NULL,'https://adventure.lotteworld.com/common/images/icon/guideArea2_icon8.png'),(84,23,'분실물센터','손님상담실/알파인매표소','잃어버린 물건이 있으시다면 분실물 센터를 찾아주세요',NULL,'https://adventure.lotteworld.com/common/images/icon/guideArea2_icon10.png'),(85,23,'의무실','정문/알파인 의무실','몸이 아프시거나 이상이 있어member_id 도움이 필요하시다면 의무실을 방문해 주세요',NULL,'https://adventure.lotteworld.com/common/images/icon/guideArea2_icon5.png'),(86,23,'자동제세동기','파크곳곳 ','응급상황 시 이용하세요',NULL,'https://e7.pngegg.com/pngimages/445/82/png-clipart-heart-automated-external-defibrillators-computer-icons-defibrillation-heart-love-child.png'),(87,23,'유모차대여소','스카이크루즈 상단 맞은편','유모차가 필요할 때 찾아주세요',NULL,'https://adventure.lotteworld.com/common/images/icon/guideArea2_icon3.png'),(88,24,'물품보관함','파크곳곳','물품보관함에 물건을 맡기고 보다 편하게 파크를 즐기세요',NULL,'https://adventure.lotteworld.com/common/images/icon/guideArea2_icon11.png'),(89,24,'미아보호소','손님상담실/알파인매표소','아이를 잃어버리신 경우 찾아드리거나 보호하고 있으니 미아보호소를 방문해 주세요',NULL,'https://adventure.lotteworld.com/common/images/icon/guideArea2_icon8.png'),(90,24,'분실물센터','손님상담실/알파인매표소','잃어버린 물건이 있으시다면 분실물 센터를 찾아주세요',NULL,'https://adventure.lotteworld.com/common/images/icon/guideArea2_icon10.png'),(91,24,'의무실','정문/알파인 의무실','몸이 아프시거나 이상이 있어member_id 도움이 필요하시다면 의무실을 방문해 주세요',NULL,'https://adventure.lotteworld.com/common/images/icon/guideArea2_icon5.png'),(92,24,'자동제세동기','파크곳곳 ','응급상황 시 이용하세요',NULL,'https://e7.pngegg.com/pngimages/445/82/png-clipart-heart-automated-external-defibrillators-computer-icons-defibrillation-heart-love-child.png'),(93,24,'유모차대여소','스카이크루즈 상단 맞은편','유모차가 필요할 때 찾아주세요',NULL,'https://adventure.lotteworld.com/common/images/icon/guideArea2_icon3.png'),(94,25,'물품보관함','파크곳곳','물품보관함에 물건을 맡기고 보다 편하게 파크를 즐기세요',NULL,'https://adventure.lotteworld.com/common/images/icon/guideArea2_icon11.png'),(95,25,'미아보호소','손님상담실/알파인매표소','아이를 잃어버리신 경우 찾아드리거나 보호하고 있으니 미아보호소를 방문해 주세요',NULL,'https://adventure.lotteworld.com/common/images/icon/guideArea2_icon8.png'),(96,25,'분실물센터','손님상담실/알파인매표소','잃어버린 물건이 있으시다면 분실물 센터를 찾아주세요',NULL,'https://adventure.lotteworld.com/common/images/icon/guideArea2_icon10.png'),(97,25,'의무실','정문/알파인 의무실','몸이 아프시거나 이상이 있어member_id 도움이 필요하시다면 의무실을 방문해 주세요',NULL,'https://adventure.lotteworld.com/common/images/icon/guideArea2_icon5.png'),(98,25,'자동제세동기','파크곳곳 ','응급상황 시 이용하세요',NULL,'https://e7.pngegg.com/pngimages/445/82/png-clipart-heart-automated-external-defibrillators-computer-icons-defibrillation-heart-love-child.png'),(99,25,'유모차대여소','스카이크루즈 상단 맞은편','유모차가 필요할 때 찾아주세요',NULL,'https://adventure.lotteworld.com/common/images/icon/guideArea2_icon3.png'),(100,19,'물품보관함','파크곳곳','물품보관함에 물건을 맡기고 보다 편하게 파크를 즐기세요',NULL,'https://adventure.lotteworld.com/common/images/icon/guideArea2_icon11.png'),(101,19,'미아보호소','손님상담실/알파인매표소','아이를 잃어버리신 경우 찾아드리거나 보호하고 있으니 미아보호소를 방문해 주세요',NULL,'https://adventure.lotteworld.com/common/images/icon/guideArea2_icon8.png'),(102,19,'분실물센터','손님상담실/알파인매표소','잃어버린 물건이 있으시다면 분실물 센터를 찾아주세요',NULL,'https://adventure.lotteworld.com/common/images/icon/guideArea2_icon10.png'),(103,19,'의무실','정문/알파인 의무실','몸이 아프시거나 이상이 있어member_id 도움이 필요하시다면 의무실을 방문해 주세요',NULL,'https://adventure.lotteworld.com/common/images/icon/guideArea2_icon5.png'),(104,19,'자동제세동기','파크곳곳 ','응급상황 시 이용하세요',NULL,'https://e7.pngegg.com/pngimages/445/82/png-clipart-heart-automated-external-defibrillators-computer-icons-defibrillation-heart-love-child.png'),(105,19,'유모차대여소','스카이크루즈 상단 맞은편','유모차가 필요할 때 찾아주세요',NULL,'https://adventure.lotteworld.com/common/images/icon/guideArea2_icon3.png'),(106,16,'물품보관함','파크곳곳','물품보관함에 물건을 맡기고 보다 편하게 파크를 즐기세요',NULL,'https://adventure.lotteworld.com/common/images/icon/guideArea2_icon11.png'),(107,16,'미아보호소','손님상담실/알파인매표소','아이를 잃어버리신 경우 찾아드리거나 보호하고 있으니 미아보호소를 방문해 주세요',NULL,'https://adventure.lotteworld.com/common/images/icon/guideArea2_icon8.png'),(108,16,'분실물센터','손님상담실/알파인매표소','잃어버린 물건이 있으시다면 분실물 센터를 찾아주세요',NULL,'https://adventure.lotteworld.com/common/images/icon/guideArea2_icon10.png'),(109,16,'의무실','정문/알파인 의무실','몸이 아프시거나 이상이 있어member_id 도움이 필요하시다면 의무실을 방문해 주세요',NULL,'https://adventure.lotteworld.com/common/images/icon/guideArea2_icon5.png'),(110,16,'자동제세동기','파크곳곳 ','응급상황 시 이용하세요',NULL,'https://e7.pngegg.com/pngimages/445/82/png-clipart-heart-automated-external-defibrillators-computer-icons-defibrillation-heart-love-child.png'),(111,16,'유모차대여소','스카이크루즈 상단 맞은편','유모차가 필요할 때 찾아주세요',NULL,'https://adventure.lotteworld.com/common/images/icon/guideArea2_icon3.png'),(112,36,'물품보관함','파크곳곳','물품보관함에 물건을 맡기고 보다 편하게 파크를 즐기세요',NULL,'https://adventure.lotteworld.com/common/images/icon/guideArea2_icon11.png'),(113,36,'미아보호소','손님상담실/알파인매표소','아이를 잃어버리신 경우 찾아드리거나 보호하고 있으니 미아보호소를 방문해 주세요',NULL,'https://adventure.lotteworld.com/common/images/icon/guideArea2_icon8.png'),(114,36,'분실물센터','손님상담실/알파인매표소','잃어버린 물건이 있으시다면 분실물 센터를 찾아주세요',NULL,'https://adventure.lotteworld.com/common/images/icon/guideArea2_icon10.png'),(115,36,'의무실','정문/알파인 의무실','몸이 아프시거나 이상이 있어member_id 도움이 필요하시다면 의무실을 방문해 주세요',NULL,'https://adventure.lotteworld.com/common/images/icon/guideArea2_icon5.png'),(116,36,'자동제세동기','파크곳곳 ','응급상황 시 이용하세요',NULL,'https://e7.pngegg.com/pngimages/445/82/png-clipart-heart-automated-external-defibrillators-computer-icons-defibrillation-heart-love-child.png'),(117,36,'유모차대여소','스카이크루즈 상단 맞은편','유모차가 필요할 때 찾아주세요',NULL,'https://adventure.lotteworld.com/common/images/icon/guideArea2_icon3.png'),(118,17,'물품보관함','파크곳곳','물품보관함에 물건을 맡기고 보다 편하게 파크를 즐기세요',NULL,'https://adventure.lotteworld.com/common/images/icon/guideArea2_icon11.png'),(119,17,'미아보호소','손님상담실/알파인매표소','아이를 잃어버리신 경우 찾아드리거나 보호하고 있으니 미아보호소를 방문해 주세요',NULL,'https://adventure.lotteworld.com/common/images/icon/guideArea2_icon8.png'),(120,17,'분실물센터','손님상담실/알파인매표소','잃어버린 물건이 있으시다면 분실물 센터를 찾아주세요',NULL,'https://adventure.lotteworld.com/common/images/icon/guideArea2_icon10.png'),(121,17,'의무실','정문/알파인 의무실','몸이 아프시거나 이상이 있어member_id 도움이 필요하시다면 의무실을 방문해 주세요',NULL,'https://adventure.lotteworld.com/common/images/icon/guideArea2_icon5.png'),(122,17,'자동제세동기','파크곳곳 ','응급상황 시 이용하세요',NULL,'https://e7.pngegg.com/pngimages/445/82/png-clipart-heart-automated-external-defibrillators-computer-icons-defibrillation-heart-love-child.png'),(123,17,'유모차대여소','스카이크루즈 상단 맞은편','유모차가 필요할 때 찾아주세요',NULL,'https://adventure.lotteworld.com/common/images/icon/guideArea2_icon3.png');
/*!40000 ALTER TABLE `facility` ENABLE KEYS */;
UNLOCK TABLES;

--
-- Table structure for table `faq`
--

DROP TABLE IF EXISTS `faq`;
/*!40101 SET @saved_cs_client     = @@character_set_client */;
/*!50503 SET character_set_client = utf8mb4 */;
CREATE TABLE `faq` (
  `faq_num` int NOT NULL AUTO_INCREMENT,
  `title` varchar(500) NOT NULL,
  `content` text NOT NULL,
  `f_type` varchar(20) NOT NULL,
  PRIMARY KEY (`faq_num`)
) ENGINE=InnoDB AUTO_INCREMENT=25 DEFAULT CHARSET=utf8mb4 COLLATE=utf8mb4_0900_ai_ci;
/*!40101 SET character_set_client = @saved_cs_client */;

--
-- Dumping data for table `faq`
--

LOCK TABLES `faq` WRITE;
/*!40000 ALTER TABLE `faq` DISABLE KEYS */;
INSERT INTO `faq` VALUES (8,'어린이,청소년이&amp;nbsp;어른티켓을&amp;nbsp;사용할&amp;nbsp;수&amp;nbsp;있나요?','<br>어린이(36개월이상~만&amp;nbsp;12세),&amp;nbsp;청소년(만&amp;nbsp;13세~만&amp;nbsp;18세)&amp;nbsp;손님은&amp;nbsp;어른(만&amp;nbsp;19세&amp;nbsp;이상)티켓&amp;nbsp;사용이&amp;nbsp;가능합니다.<br><br>참고로,&amp;nbsp;만&amp;nbsp;36개월&amp;nbsp;미만인&amp;nbsp;유아손님의&amp;nbsp;경우&amp;nbsp;무료입장이&amp;nbsp;가능하니&amp;nbsp;참고부탁드립니다.','이용정보'),(12,'다른사람에게&amp;nbsp;티켓\'선물하기\'는&amp;nbsp;어떻게&amp;nbsp;하나요?','여러&amp;nbsp;명의&amp;nbsp;티켓을&amp;nbsp;한&amp;nbsp;분이&amp;nbsp;모두&amp;nbsp;구매하셨다면,&amp;nbsp;선물하기&amp;nbsp;기능을&amp;nbsp;이용해&amp;nbsp;동행하시는&amp;nbsp;분께&amp;nbsp;티켓을&amp;nbsp;전달할&amp;nbsp;수&amp;nbsp;있습니다.<br><br>티켓을&amp;nbsp;선물&amp;nbsp;하는&amp;nbsp;방법은&amp;nbsp;아래와&amp;nbsp;같습니다.<br><br>①&amp;nbsp;어드벤처&amp;nbsp;앱을&amp;nbsp;구동&amp;nbsp;마이티켓에&amp;nbsp;들어가셔서&amp;nbsp;보내고자&amp;nbsp;하는&amp;nbsp;티켓을&amp;nbsp;찾아주세요<br><br>②&amp;nbsp;티켓&amp;nbsp;번호&amp;nbsp;아래&amp;nbsp;선물하기&amp;nbsp;버튼을&amp;nbsp;눌러주세요<br><br>③&amp;nbsp;받는&amp;nbsp;분의&amp;nbsp;핸드폰&amp;nbsp;번호를&amp;nbsp;입력해&amp;nbsp;주세요.<br><br>④&amp;nbsp;받으신&amp;nbsp;분께서&amp;nbsp;전송된&amp;nbsp;메세지의&amp;nbsp;url을&amp;nbsp;클릭하면&amp;nbsp;웹티켓이&amp;nbsp;생성됩니다.<br><br>★&amp;nbsp;다음의&amp;nbsp;사항을&amp;nbsp;꼭&amp;nbsp;확인해주세요!<br><br>&amp;nbsp;&amp;nbsp;&amp;nbsp;ㆍ&amp;nbsp;티켓을&amp;nbsp;전달할&amp;nbsp;때는&amp;nbsp;반드시&amp;nbsp;앱의&amp;nbsp;선물하기&amp;nbsp;기능으로만&amp;nbsp;보내주세요.<br>&amp;nbsp;&amp;nbsp;&amp;nbsp;<br>&amp;nbsp;&amp;nbsp;&amp;nbsp;&amp;nbsp;&amp;nbsp;&amp;nbsp;&amp;nbsp;→&amp;nbsp;선물하기&amp;nbsp;기능을&amp;nbsp;이용해서&amp;nbsp;전달해야&amp;nbsp;url&amp;nbsp;및&amp;nbsp;QR코드&amp;nbsp;사용이&amp;nbsp;가능합니다.<br><br>&amp;nbsp;&amp;nbsp;&amp;nbsp;&amp;nbsp;&amp;nbsp;&amp;nbsp;&amp;nbsp;※&amp;nbsp;선물하기&amp;nbsp;기능을&amp;nbsp;사용하지&amp;nbsp;않고&amp;nbsp;url을&amp;nbsp;바로&amp;nbsp;복사해서&amp;nbsp;전송하면&amp;nbsp;QR코드가&amp;nbsp;손상돼&amp;nbsp;이용이&amp;nbsp;불가능할&amp;nbsp;수&amp;nbsp;있습니다.','결제'),(14,'제휴카드가&amp;nbsp;여러&amp;nbsp;장&amp;nbsp;있습니다.&amp;nbsp;티켓을&amp;nbsp;여러&amp;nbsp;장&amp;nbsp;구입할수&amp;nbsp;있나요?','가능합니다.<br><br>다만,&amp;nbsp;같은&amp;nbsp;카드로&amp;nbsp;결제하실&amp;nbsp;경우&amp;nbsp;카드마다&amp;nbsp;이용횟수가&amp;nbsp;제한되어&amp;nbsp;있기때문에&amp;nbsp;구매가&amp;nbsp;제한될&amp;nbsp;수&amp;nbsp;있습니다.<br>자세한&amp;nbsp;내용은&amp;nbsp;카드사에&amp;nbsp;문의&amp;nbsp;부탁드립니다.','예매'),(17,'3','3','이용정보'),(21,'333','333','예매'),(22,'asdsad','sadsadas','우대정보/이벤트'),(24,'asdsad','sadsad','이용정보');
/*!40000 ALTER TABLE `faq` ENABLE KEYS */;
UNLOCK TABLES;

--
-- Table structure for table `favoriteboard`
--

DROP TABLE IF EXISTS `favoriteboard`;
/*!40101 SET @saved_cs_client     = @@character_set_client */;
/*!50503 SET character_set_client = utf8mb4 */;
CREATE TABLE `favoriteboard` (
  `favorite_num` int NOT NULL AUTO_INCREMENT,
  `board_id` int NOT NULL,
  `member_id` varchar(45) NOT NULL,
  `favorite` int DEFAULT '0',
  `hate` int DEFAULT '0',
  PRIMARY KEY (`favorite_num`),
  KEY `board_id` (`board_id`),
  CONSTRAINT `favoriteboard_ibfk_1` FOREIGN KEY (`board_id`) REFERENCES `board` (`board_id`) ON DELETE CASCADE
) ENGINE=InnoDB AUTO_INCREMENT=21 DEFAULT CHARSET=utf8mb4 COLLATE=utf8mb4_0900_ai_ci;
/*!40101 SET character_set_client = @saved_cs_client */;

--
-- Dumping data for table `favoriteboard`
--

LOCK TABLES `favoriteboard` WRITE;
/*!40000 ALTER TABLE `favoriteboard` DISABLE KEYS */;
INSERT INTO `favoriteboard` VALUES (9,2,'hong1',1,0),(11,1507,'hong1',1,0),(12,1508,'hong1',1,0),(14,1395,'moon111',1,0),(20,1512,'hong1',2,0);
/*!40000 ALTER TABLE `favoriteboard` ENABLE KEYS */;
UNLOCK TABLES;

--
-- Table structure for table `inquiry`
--

DROP TABLE IF EXISTS `inquiry`;
/*!40101 SET @saved_cs_client     = @@character_set_client */;
/*!50503 SET character_set_client = utf8mb4 */;
CREATE TABLE `inquiry` (
  `inquiry_num` int NOT NULL AUTO_INCREMENT,
  `b_type` varchar(20) DEFAULT NULL,
  `b_title` varchar(500) DEFAULT NULL,
  `b_content` text NOT NULL,
  `member_id` varchar(45) NOT NULL,
  `postdate` datetime NOT NULL DEFAULT CURRENT_TIMESTAMP,
  `ref` int DEFAULT '0',
  `lev` int DEFAULT '0',
  `seq` int DEFAULT '0',
  PRIMARY KEY (`inquiry_num`)
) ENGINE=InnoDB AUTO_INCREMENT=91 DEFAULT CHARSET=utf8mb4 COLLATE=utf8mb4_0900_ai_ci;
/*!40101 SET character_set_client = @saved_cs_client */;

--
-- Dumping data for table `inquiry`
--

LOCK TABLES `inquiry` WRITE;
/*!40000 ALTER TABLE `inquiry` DISABLE KEYS */;
INSERT INTO `inquiry` VALUES (11,'요금문의','11','11','hong1','2023-04-14 17:16:57',11,0,0),(12,NULL,NULL,'','admin','2023-04-17 09:47:16',11,1,0),(13,'제휴할인','(답변 대기중)aaaaa','aaaaa','hong1','2023-04-17 09:49:05',13,0,0),(14,'예매문의','(답변 완료)435','435','hong1','2023-04-17 10:00:50',14,0,0),(17,NULL,NULL,'답변','admin','2023-04-17 16:34:31',14,1,0),(18,'예매문의','(답변 대기중)33','33','hong1','2023-04-17 16:38:37',18,0,0),(19,'예매문의','(답변 대기중)33','33','hong1','2023-04-17 16:38:46',19,0,0),(20,'예매문의','(답변 대기중)33','33','hong1','2023-04-17 16:38:46',20,0,0),(21,'예매문의','(답변 대기중)33','33','hong1','2023-04-17 16:38:46',21,0,0),(22,'예매문의','(답변 대기중)33','33','hong1','2023-04-17 16:38:47',22,0,0),(23,'예매문의','(답변 대기중)4','4','hong1','2023-04-17 16:38:57',23,0,0),(24,'예매문의','(답변 대기중)3','3','hong1','2023-04-17 16:40:02',24,0,0),(25,'예매문의','(답변 대기중)3','3','hong1','2023-04-17 16:42:01',25,0,0),(26,'예매문의','(답변 대기중)3','3','hong1','2023-04-17 16:42:02',26,0,0),(27,'예매문의','(답변 대기중)3','3','hong1','2023-04-17 16:42:11',27,0,0),(28,'예매문의','(답변 대기중)3','3','hong1','2023-04-17 16:44:16',28,0,0),(29,'예매문의','(답변 대기중)3','3','hong1','2023-04-17 16:44:17',29,0,0),(30,'예매문의','(답변 대기중)3','3','hong1','2023-04-17 16:44:24',30,0,0),(31,'예매문의','(답변 대기중)3','3','hong1','2023-04-17 16:45:29',31,0,0),(32,'예매문의','(답변 대기중)3','3','hong1','2023-04-17 16:45:29',32,0,0),(33,'요금문의','(답변 대기중)5','5','hong1','2023-04-17 16:45:35',33,0,0),(34,'예매문의','(답변 대기중)3','3','hong1','2023-04-17 16:46:49',34,0,0),(35,'예매문의','(답변 대기중)3','3','hong1','2023-04-17 16:47:04',35,0,0),(36,'예매문의','(답변 대기중)3','3','hong1','2023-04-17 16:47:05',36,0,0),(37,'예매문의','(답변 대기중)3','3','hong1','2023-04-17 16:47:05',37,0,0),(38,'예매문의','(답변 대기중)3','3','hong1','2023-04-17 16:47:05',38,0,0),(39,'예매문의','(답변 대기중)3','3','hong1','2023-04-17 16:47:09',39,0,0),(40,'예매문의','(답변 대기중)ee','ee','hong1','2023-04-17 16:47:16',40,0,0),(41,'예매문의','(답변 대기중)44','44','hong1','2023-04-17 16:47:58',41,0,0),(42,'예매문의','(답변 대기중)44','44','hong1','2023-04-17 16:49:20',42,0,0),(43,'예매문의','(답변 대기중)44','44','hong1','2023-04-17 16:49:21',43,0,0),(44,'예매문의','(답변 대기중)4','4','hong1','2023-04-17 16:50:45',44,0,0),(45,'예매문의','(답변 대기중)4','4','hong1','2023-04-17 16:51:59',45,0,0),(46,'예매문의','(답변 대기중)333','333','hong1','2023-04-17 16:52:07',46,0,0),(47,'요금문의','(답변 대기중)33','33','hong1','2023-04-17 16:56:32',47,0,0),(48,'요금문의','(답변 대기중)33','33','hong1','2023-04-17 16:56:36',48,0,0),(49,'요금문의','(답변 대기중)33','33','hong1','2023-04-17 16:57:16',49,0,0),(50,'요금문의','(답변 대기중)33','33','hong1','2023-04-17 16:57:16',50,0,0),(51,'요금문의','(답변 대기중)33','33','hong1','2023-04-17 16:57:16',51,0,0),(52,'요금문의','(답변 대기중)33','33','hong1','2023-04-17 16:57:16',52,0,0),(53,'요금문의','(답변 대기중)33','33','hong1','2023-04-17 16:57:16',53,0,0),(54,'예매문의','(답변 대기중)234','234','hong1','2023-04-17 16:57:22',54,0,0),(55,'예매문의','(답변 대기중)234','234','hong1','2023-04-17 16:58:03',55,0,0),(56,'예매문의','(답변 대기중)234','234','hong1','2023-04-17 16:58:03',56,0,0),(57,'예매문의','(답변 대기중)234','234','hong1','2023-04-17 16:58:03',57,0,0),(58,'예매문의','(답변 대기중)234','234','hong1','2023-04-17 16:58:04',58,0,0),(59,'요금문의','(답변 대기중)555','555','hong1','2023-04-17 16:58:10',59,0,0),(60,'요금문의','(답변 대기중)555','555','hong1','2023-04-17 16:58:37',60,0,0),(61,'예매문의','(답변 대기중)44','44','hong1','2023-04-17 17:00:10',61,0,0),(62,'예매문의','(답변 완료)44','44','hong1','2023-04-17 17:02:19',62,0,0),(63,'예매문의','(답변 대기중)789798','7897987','hong1','2023-04-17 17:02:41',63,0,0),(64,'예매문의','(답변 대기중)789798','7897987','hong1','2023-04-17 17:04:29',64,0,0),(65,'예매문의','(답변 대기중)789798','7897987','hong1','2023-04-17 17:04:29',65,0,0),(66,'예매문의','(답변 대기중)uty','tyu','hong1','2023-04-17 17:04:39',66,0,0),(67,'예매문의','(답변 대기중)uty','tyu','hong1','2023-04-17 17:06:26',67,0,0),(70,NULL,NULL,'333','admin','2023-04-17 18:59:52',62,1,0),(71,'예매문의','(답변 대기중)3','3','hong1','2023-04-18 12:55:09',71,0,0),(73,'요금문의','(답변 완료)3','3','hong1','2023-04-18 12:57:42',73,0,0),(74,NULL,NULL,'3','admin','2023-04-18 12:57:47',73,1,0),(75,'요금문의','(답변 완료)asd','sad','hong1','2023-04-18 15:17:02',75,0,0),(76,NULL,NULL,'asd','admin','2023-04-18 15:17:10',75,1,0),(79,'요금문의','(답변 완료)ㅁㅁㅁㅁㅁ','ㅁㅁㅁㅁㅁ','hong1','2023-04-19 16:10:34',79,0,0),(80,NULL,NULL,'ㄹㄹㄹㄹㄹㄹㄹㄹㄹㄹ','admin','2023-04-19 16:10:56',79,1,0),(82,'예매문의','(답변 대기중)21321312','3123123','hong1','2023-04-19 16:11:41',82,0,0),(85,'예매문의','(답변 완료)한번에 여러장을 구입하면 할인되는게 있나요?','한번에 여러장을 구입하면 할인되는게 있나요?','hong1','2023-04-27 12:29:10',85,0,0),(86,NULL,NULL,'프로모션에서 지원하는 할인을 제외하곤 추가적인 할인은 불가능합니다.','admin','2023-04-27 12:30:07',85,1,0),(87,'예매문의','(답변 대기중)aa','aa','qwer1234','2023-04-28 14:40:57',87,0,0),(88,'요금문의','(답변 대기중)나는 상담이 하나도 없나?','나는 상담이 하나도 없나?','moon111','2023-05-01 11:00:18',88,0,0),(89,'예매문의','(답변 완료)난초','난초','hong1','2023-05-02 16:41:17',89,0,0),(90,NULL,NULL,'난초','admin','2023-05-02 16:41:32',89,1,0);
/*!40000 ALTER TABLE `inquiry` ENABLE KEYS */;
UNLOCK TABLES;

--
-- Table structure for table `member`
--

DROP TABLE IF EXISTS `member`;
/*!40101 SET @saved_cs_client     = @@character_set_client */;
/*!50503 SET character_set_client = utf8mb4 */;
CREATE TABLE `member` (
  `member_id` varchar(45) NOT NULL,
  `m_name` varchar(45) NOT NULL,
  `m_birth` varchar(45) DEFAULT NULL,
  `m_pass` varchar(45) NOT NULL,
  `m_email` varchar(45) DEFAULT NULL,
  `m_sha256` varchar(100) DEFAULT NULL,
  `m_address` varchar(100) DEFAULT NULL,
  `m_regidate` datetime DEFAULT CURRENT_TIMESTAMP,
  `m_phone` varchar(45) DEFAULT NULL,
  `m_gender` varchar(45) DEFAULT NULL,
  `m_enc` varchar(45) DEFAULT NULL,
  `m_admin` int DEFAULT '0',
  `m_image` varchar(100) DEFAULT 'no',
  `m_kakaoId` varchar(10) DEFAULT NULL,
  PRIMARY KEY (`member_id`)
) ENGINE=InnoDB DEFAULT CHARSET=utf8mb4 COLLATE=utf8mb4_0900_ai_ci;
/*!40101 SET character_set_client = @saved_cs_client */;

--
-- Dumping data for table `member`
--

LOCK TABLES `member` WRITE;
/*!40000 ALTER TABLE `member` DISABLE KEYS */;
INSERT INTO `member` VALUES ('bboobboo','뽀뽀','1933215','!String1234','qhqh@naver.com',NULL,'경상남도 고성군 하이면 하이로 34','2023-04-28 11:59:24','01033532345','man',NULL,0,'no','null'),('emailconfirm','이메일','1997915','!Boolean12','dkstlwlss@naver.com',NULL,'안녕하세요','2023-04-10 12:44:29','01023456789','man',NULL,1,'no',NULL),('hello1234','헬로우','1933312','!String1234','hllo@naver.com',NULL,'경상남도 고성군 하이면 하이로 1','2023-04-28 11:39:40','01033532345','man',NULL,1,'no','null'),('hellohello','안시진','1955112','!String1234','hihi@daum.net',NULL,'경상남도 고성군 하이면 하이로 138','2023-04-28 11:54:06','01033532345','man',NULL,0,'no','null'),('hellohello@naver.com','헬로로','19441122','!String1234','hhhh@naver.com',NULL,'경상남도 고성군 하이면 하이로 156-1','2023-04-28 11:50:24','01023456789','man',NULL,0,'no','null'),('helloma','헬로마','1955922','!String1234','helloma@naver.com',NULL,'경상남도 고성군 하이면 하이로 155','2023-04-28 12:23:29','01023456789','man',NULL,0,'no','2761833828'),('helloworld','헬로우','1966330','!Hello1234','hello@daum.net',NULL,'없어요','2023-04-06 17:53:23','01077343234','woman',NULL,1,'no',NULL),('holy1234','홀리','19881215','!String1234','hihihihi@naver.com',NULL,'경상남도 고성군 하이면 하이로 1','2023-04-25 12:20:42','01035679923','man',NULL,0,'no',NULL),('hong1','홍길동','19881215','1234','hong1@naver.com','off','경상남도 고성군 하이면 하이로 1','2023-04-01 12:20:40','01033547896','man','off',1,'d084d7f3.jpg','2766676735'),('kidydy','하이요','1977215','!String1234','ddd@naver.com',NULL,'경상남도 고성군 하이면 하이로 1','2023-04-28 12:56:22','01033334444','man',NULL,0,'no',''),('kim','탈퇴','탈퇴','!Boolean11','탈퇴','off','탈퇴',NULL,'탈퇴','탈퇴','off',0,'탈퇴','탈퇴'),('kim1234','공효진','1955115','!Boolean11','hihihi@daum.net','off','ìëíì¸ì','2023-04-10 10:30:16','01033333535','man','off',0,'37888edd.jpg',NULL),('kim123433','ë¬¼ë¼','1999122','!Boolean1234','hihihi22@google.com',NULL,'ìëíì¸ì','2023-04-10 10:34:02','01033332222','man',NULL,0,'no',NULL),('kim12345','김국진','19331215','!Int12345','rlarnrwls@naver.com','off','국진이빵','2023-04-12 15:28:45','01023456789','man','off',0,'f00705bf.jpg',NULL),('moon111','moon','199477','q1w2e3r4A@','moon@google.com','off','지구','2023-04-10 15:24:18','00000000000','man','off',0,'no',NULL),('ohmygo','오마이갓','1988215','!String1234','ohmy@naver.com',NULL,'경상남도 고성군 하이면 하이로 1','2023-04-28 12:17:30','01033332222','man',NULL,0,'no','null'),('ohmygod','오마이갓','19971115','!String1234','ohm@naver.com',NULL,'경상남도 고성군 하이면 하이로 34','2023-04-28 12:19:41','01033332222','man',NULL,0,'no','null'),('qwer1234','일론머스크','2000625','Qwer1234!','musk123@naver.com','off','경기도 화성시 남양읍 화성로 1484-1, 갈끄니까','2023-04-28 10:59:01','010-9988-7744','man','off',0,'no','null'),('whang','황비홍','1944115','!Boolean1234','whang@naver.com','off','어딜까','2023-04-06 11:52:32','01077343234','man','off',0,'no',NULL),('whang ','황비홍','19441','!Boolean1234','whang@naver.com',NULL,NULL,'2023-04-06 10:54:33','01077343234','man',NULL,0,'no',NULL),('whang1234','황비홍','1976222','!String1234','@google.com',NULL,'경상남도 고성군 하이면 하이로 1','2023-04-24 11:21:54','01033532345','no',NULL,0,'no',NULL),('whwowho','하이하이','1955215','!Boolean1111','hihihi@google.com',NULL,'안녕하세요','2023-04-10 10:35:36','01033332222','woman',NULL,0,'no',NULL);
/*!40000 ALTER TABLE `member` ENABLE KEYS */;
UNLOCK TABLES;

--
-- Table structure for table `mypoint`
--

DROP TABLE IF EXISTS `mypoint`;
/*!40101 SET @saved_cs_client     = @@character_set_client */;
/*!50503 SET character_set_client = utf8mb4 */;
CREATE TABLE `mypoint` (
  `point_id` int NOT NULL AUTO_INCREMENT,
  `m_point` decimal(7,2) DEFAULT NULL,
  `order_id` int DEFAULT NULL,
  `member_id` varchar(45) DEFAULT NULL,
  PRIMARY KEY (`point_id`),
  KEY `order_id` (`order_id`),
  KEY `member_id` (`member_id`),
  CONSTRAINT `mypoint_ibfk_1` FOREIGN KEY (`order_id`) REFERENCES `orders` (`order_id`),
  CONSTRAINT `mypoint_ibfk_2` FOREIGN KEY (`member_id`) REFERENCES `member` (`member_id`)
) ENGINE=InnoDB AUTO_INCREMENT=39 DEFAULT CHARSET=utf8mb4 COLLATE=utf8mb4_0900_ai_ci;
/*!40101 SET character_set_client = @saved_cs_client */;

--
-- Dumping data for table `mypoint`
--

LOCK TABLES `mypoint` WRITE;
/*!40000 ALTER TABLE `mypoint` DISABLE KEYS */;
INSERT INTO `mypoint` VALUES (13,10395.00,83,'hong1'),(14,4095.00,84,'hong1'),(15,7350.00,87,'hong1'),(16,6930.00,90,'hong1'),(17,3465.00,93,'hong1'),(18,3720.00,91,'hong1'),(19,19740.00,94,'hong1'),(20,19740.00,94,'hong1'),(21,6360.00,96,'hong1'),(22,3465.00,95,'hong1'),(23,10395.00,98,'qwer1234'),(24,2730.00,100,'qwer1234'),(25,4300.00,101,'qwer1234'),(26,-10000.00,112,'qwer1234'),(27,3465.00,112,'qwer1234'),(28,-5000.00,113,'qwer1234'),(29,3465.00,113,'qwer1234'),(30,-9000.00,116,'qwer1234'),(31,19740.00,116,'qwer1234'),(32,-9000.00,115,'qwer1234'),(33,19740.00,115,'qwer1234'),(34,-30835.00,117,'qwer1234'),(35,6930.00,117,'qwer1234'),(36,6930.00,118,'qwer1234'),(37,-5000.00,119,'qwer1234'),(38,14735.00,119,'qwer1234');
/*!40000 ALTER TABLE `mypoint` ENABLE KEYS */;
UNLOCK TABLES;

--
-- Table structure for table `orders`
--

DROP TABLE IF EXISTS `orders`;
/*!40101 SET @saved_cs_client     = @@character_set_client */;
/*!50503 SET character_set_client = utf8mb4 */;
CREATE TABLE `orders` (
  `order_id` int NOT NULL AUTO_INCREMENT,
  `member_id` varchar(45) NOT NULL,
  `order_date` datetime DEFAULT CURRENT_TIMESTAMP,
  `checkorder` tinyint(1) DEFAULT NULL,
  `checkrefund` tinyint(1) DEFAULT NULL,
  `use_point` decimal(7,2) DEFAULT NULL,
  PRIMARY KEY (`order_id`),
  KEY `fk_member_member_id` (`member_id`),
  CONSTRAINT `fk_member_member_id` FOREIGN KEY (`member_id`) REFERENCES `member` (`member_id`)
) ENGINE=InnoDB AUTO_INCREMENT=121 DEFAULT CHARSET=utf8mb4 COLLATE=utf8mb4_0900_ai_ci;
/*!40101 SET character_set_client = @saved_cs_client */;

--
-- Dumping data for table `orders`
--

LOCK TABLES `orders` WRITE;
/*!40000 ALTER TABLE `orders` DISABLE KEYS */;
INSERT INTO `orders` VALUES (83,'hong1','2023-04-25 16:49:33',1,NULL,NULL),(84,'hong1','2023-04-25 16:51:57',1,NULL,NULL),(85,'hong1','2023-04-26 09:56:47',NULL,1,NULL),(86,'hong1','2023-04-26 09:57:57',NULL,1,NULL),(87,'hong1','2023-04-26 11:47:25',1,NULL,NULL),(88,'hong1','2023-04-26 15:23:54',NULL,NULL,NULL),(89,'hong1','2023-04-26 15:23:56',NULL,NULL,NULL),(90,'hong1','2023-04-26 15:24:21',1,NULL,NULL),(91,'hong1','2023-04-26 15:45:47',1,NULL,NULL),(92,'hong1','2023-04-26 17:43:44',NULL,1,NULL),(93,'hong1','2023-04-27 12:09:29',1,NULL,NULL),(94,'hong1','2023-04-27 15:09:59',1,NULL,NULL),(95,'hong1','2023-04-27 20:05:39',1,NULL,NULL),(96,'hong1','2023-04-27 20:09:46',1,NULL,NULL),(97,'hong1','2023-04-28 10:11:42',NULL,NULL,NULL),(98,'qwer1234','2023-04-28 12:06:30',1,NULL,NULL),(99,'moon111','2023-04-28 12:07:48',NULL,NULL,NULL),(100,'qwer1234','2023-04-28 14:44:04',1,NULL,NULL),(101,'qwer1234','2023-04-28 15:15:26',1,NULL,NULL),(109,'qwer1234','2023-05-01 15:22:21',1,NULL,2000.00),(110,'qwer1234','2023-05-01 15:46:29',1,NULL,1000.00),(111,'qwer1234','2023-05-01 15:55:16',NULL,NULL,0.00),(112,'qwer1234','2023-05-01 16:12:30',1,NULL,10000.00),(113,'qwer1234','2023-05-01 16:15:42',1,NULL,5000.00),(114,'qwer1234','2023-05-01 17:19:53',NULL,1,9355.00),(115,'qwer1234','2023-05-01 17:56:50',1,NULL,9000.00),(116,'qwer1234','2023-05-01 17:59:50',1,NULL,9000.00),(117,'qwer1234','2023-05-02 10:20:07',1,NULL,30835.00),(118,'qwer1234','2023-05-02 10:20:44',1,NULL,0.00),(119,'qwer1234','2023-05-02 16:32:54',1,NULL,5000.00),(120,'qwer1234','2023-05-02 16:33:25',NULL,1,23595.00);
/*!40000 ALTER TABLE `orders` ENABLE KEYS */;
UNLOCK TABLES;

--
-- Table structure for table `orders_detail`
--

DROP TABLE IF EXISTS `orders_detail`;
/*!40101 SET @saved_cs_client     = @@character_set_client */;
/*!50503 SET character_set_client = utf8mb4 */;
CREATE TABLE `orders_detail` (
  `order_detail_id` int NOT NULL AUTO_INCREMENT,
  `order_id` int NOT NULL,
  `ticket_id` int NOT NULL,
  `quantity` int NOT NULL,
  PRIMARY KEY (`order_detail_id`),
  KEY `fk_orders_detail_ticket_id` (`ticket_id`),
  KEY `fk_orders_detail_order_id` (`order_id`),
  CONSTRAINT `fk_orders_detail_order_id` FOREIGN KEY (`order_id`) REFERENCES `orders` (`order_id`) ON DELETE CASCADE,
  CONSTRAINT `fk_orders_detail_ticket_id` FOREIGN KEY (`ticket_id`) REFERENCES `ticket` (`ticket_id`),
  CONSTRAINT `orders_detail_ibfk_1` FOREIGN KEY (`order_id`) REFERENCES `orders` (`order_id`) ON DELETE CASCADE
) ENGINE=InnoDB AUTO_INCREMENT=310 DEFAULT CHARSET=utf8mb4 COLLATE=utf8mb4_0900_ai_ci;
/*!40101 SET character_set_client = @saved_cs_client */;

--
-- Dumping data for table `orders_detail`
--

LOCK TABLES `orders_detail` WRITE;
/*!40000 ALTER TABLE `orders_detail` DISABLE KEYS */;
INSERT INTO `orders_detail` VALUES (202,83,1,3),(203,83,2,0),(204,83,3,0),(205,84,1,0),(206,84,2,0),(207,84,3,3),(208,85,1,0),(209,85,2,2),(210,85,3,0),(211,86,1,2),(212,86,2,3),(213,86,3,3),(214,87,10,0),(215,87,11,3),(216,87,12,0),(217,90,1,2),(218,90,2,0),(219,90,3,0),(220,91,4,3),(221,91,5,0),(222,91,6,0),(223,92,1,1),(224,92,2,1),(225,92,3,1),(226,93,1,1),(227,93,2,0),(228,93,3,0),(229,94,10,2),(230,94,11,3),(231,94,12,4),(232,95,1,1),(233,95,2,0),(234,95,3,0),(235,96,4,1),(236,96,5,3),(237,96,6,2),(238,97,4,2),(239,97,5,0),(240,97,6,0),(241,98,1,3),(242,98,2,0),(243,98,3,0),(244,99,10,1),(245,99,11,1),(246,99,12,1),(247,100,1,0),(248,100,2,0),(249,100,3,2),(250,101,7,2),(251,101,8,1),(252,101,9,0),(274,109,1,0),(275,109,2,0),(276,109,3,2),(277,110,1,2),(278,110,2,0),(279,110,3,0),(280,111,1,3),(281,111,2,0),(282,111,3,0),(283,112,1,1),(284,112,2,0),(285,112,3,0),(286,113,1,1),(287,113,2,0),(288,113,3,0),(289,114,1,0),(290,114,2,0),(291,114,3,1),(292,115,10,2),(293,115,11,3),(294,115,12,4),(295,116,10,2),(296,116,11,3),(297,116,12,4),(298,117,1,2),(299,117,2,0),(300,117,3,0),(301,118,1,2),(302,118,2,0),(303,118,3,0),(304,119,10,3),(305,119,11,2),(306,119,12,1),(307,120,1,2),(308,120,2,0),(309,120,3,0);
/*!40000 ALTER TABLE `orders_detail` ENABLE KEYS */;
UNLOCK TABLES;

--
-- Table structure for table `promotion`
--

DROP TABLE IF EXISTS `promotion`;
/*!40101 SET @saved_cs_client     = @@character_set_client */;
/*!50503 SET character_set_client = utf8mb4 */;
CREATE TABLE `promotion` (
  `promotion_id` int NOT NULL AUTO_INCREMENT,
  `amuse_id` int NOT NULL,
  `promotion_content` varchar(500) NOT NULL,
  `promotion_name` varchar(255) NOT NULL,
  `promotion_img` varchar(255) NOT NULL,
  `discount` double DEFAULT NULL,
  PRIMARY KEY (`promotion_id`),
  KEY `fk_amusement_amuse_id` (`amuse_id`),
  CONSTRAINT `fk_amusement_amuse_id` FOREIGN KEY (`amuse_id`) REFERENCES `amusement` (`amuse_id`)
) ENGINE=InnoDB AUTO_INCREMENT=7 DEFAULT CHARSET=utf8mb4 COLLATE=utf8mb4_0900_ai_ci;
/*!40101 SET character_set_client = @saved_cs_client */;

--
-- Dumping data for table `promotion`
--

LOCK TABLES `promotion` WRITE;
/*!40000 ALTER TABLE `promotion` DISABLE KEYS */;
INSERT INTO `promotion` VALUES (1,4,'디즈니 100주년 행사','디즈니 100주년','https://cdn1.parksmedia.wdprapps.disney.com/resize/mwImage/1/1600/900/90/media/disneyparksjapan-prod/disneyparksjapan_v0001/1/media/dlr/events-tours/DLR_D100_Launch_KeyVisual_40x17_16x9.jpeg',0.3),(2,1,'롯데월드 초특가 이벤트!!','익사이팅과 함께 하는 환장의 콜라보!!','https://adventure.lotteworld.com/image/2022/1/202201100144165620_1350.jpg',0.6),(3,2,'2023년에는 에버랜드에서 놀자!!','에버랜드와의 역대급 프로모션!!','https://www.economytalk.kr/news/photo/202205/221837_96985_5236.jpg',0.5),(4,14,'유니버셜 스튜디오 제대로 놀아보자!!','오사카투어에서 빠지면 섭섭한 유니버셜 스튜디오를 파격적인 가격에!!','https://res.klook.com/image/upload/c_crop,g_custom/w_1160,h_652/v1544425978/activities/zga6g2yqpwhgpdvequoz.webp',0.3);
/*!40000 ALTER TABLE `promotion` ENABLE KEYS */;
UNLOCK TABLES;

--
-- Table structure for table `rides`
--

DROP TABLE IF EXISTS `rides`;
/*!40101 SET @saved_cs_client     = @@character_set_client */;
/*!50503 SET character_set_client = utf8mb4 */;
CREATE TABLE `rides` (
  `rides_id` int NOT NULL AUTO_INCREMENT,
  `amuse_id` int NOT NULL,
  `r_name` varchar(45) NOT NULL,
  `r_location` varchar(45) DEFAULT NULL,
  `r_info` varchar(300) DEFAULT NULL,
  `r_min_height` int DEFAULT '0',
  `r_max_height` int DEFAULT '0',
  `r_note` varchar(100) DEFAULT NULL,
  `r_img` varchar(300) DEFAULT NULL,
  `r_video` varchar(200) DEFAULT '#',
  PRIMARY KEY (`rides_id`),
  KEY `amuse_id` (`amuse_id`),
  CONSTRAINT `rides_ibfk_1` FOREIGN KEY (`amuse_id`) REFERENCES `amusement` (`amuse_id`)
) ENGINE=InnoDB AUTO_INCREMENT=40 DEFAULT CHARSET=utf8mb4 COLLATE=utf8mb4_0900_ai_ci;
/*!40101 SET character_set_client = @saved_cs_client */;

--
-- Dumping data for table `rides`
--

LOCK TABLES `rides` WRITE;
/*!40000 ALTER TABLE `rides` DISABLE KEYS */;
INSERT INTO `rides` VALUES (1,2,'T익스프레스','유러피언 어드벤쳐','통시속 104km의 엄청난 속도, 낙하각 77도의 아찔함! 세계 최고의 우든코스터가 잊지 못 할 최고의 기억을 여러분께 선사합니다.',130,195,NULL,'https://blog.kakaocdn.net/dn/Jj2HZ/btrYXj1q4l4/BYkxfBdklKkqwVNFIDRR80/img.jpg','https://www.youtube.com/embed/Y9hvLFOAX38?start=67'),(3,2,'아마존 익스프레스','쥬토피아','많은 탐험가들이 호수 속에 잠들어 있는 황금을 차지하기 위해 보트 위에 몸을 맡겼다! 아마존 밀림 구석구석 장장 580미터 굽이치는 급류 속으로 꿈과 모험을 찾아 떠나는 곳!',NULL,110,NULL,'https://pds.joongang.co.kr/news/component/htmlphoto_mmdata/201602/22/htm_20160222182442471964.jpg','https://www.youtube.com/embed/tQy57H_CZ5k?start=25'),(5,1,'자이로스핀','매직아일랜드 혜성특급 좌측','아시아 최초 저소음 무진동 회전 어트랙션! 입이 쩍~ 벌어지는 놀라운 스피드를 경험해 보세요!',125,0,NULL,'http://img.sportsworldi.com/content/image/2013/08/11/20130811021152_0.jpg','https://www.youtube.com/embed/LlXIqEGM68A?start=55'),(6,1,'자이로스윙','매직아일랜드 아트란티스 입구 좌측','40여명이 둘러앉은 거대한 회전기구가 시계추처럼 움직여 회오리바람에 날려가 버리는 듯한 새로운 공포를 느낄 수 있습니다.',130,190,NULL,'https://live.staticflickr.com/5343/7214039590_39daeaf40f_b.jpg','https://www.youtube.com/embed/LlXIqEGM68A?start=55'),(7,1,'아틀란티스','매직아일랜드 매직캐슬 우측','최고 스릴 어트랙션! 시속 72km로 출발하는 보트를 타고 미스터리 신전 속으로 여행을 떠나보세요!',135,190,NULL,'https://pbs.twimg.com/media/E6PtP9SVEAMOGVF.jpg:large','https://www.youtube.com/embed/LlXIqEGM68A?start=55'),(8,1,'후렌치레볼루션','어드벤처 2층 후렌치레볼루션','롯데월드 어드벤처의 대표 롤러코스터! 짜릿한 하강과 정신이 아득해지는 원형 트랙에서 저세상 스릴을 느껴보세요!',120,0,NULL,'https://live.staticflickr.com/2838/9679236516_b68f2dde49_b.jpg','https://www.youtube.com/embed/LlXIqEGM68A?start=55'),(9,1,'후룸라이드','어드벤처 1층 스페인해적선 출구 앞','통나무 배를 타고 공룡들이 살고 있는 정글 속으로! 급류에 밀려 폭포에서 떨어지는 스릴!',110,0,NULL,'https://m.segye.com/content/image/2018/08/07/20180807565451.jpg','https://www.youtube.com/embed/LlXIqEGM68A?start=55'),(10,2,'더블 락스핀','아메리칸 어드벤처','강렬한 록큰롤 리듬과 함께 돌고 또 돌고~ 앞뒤 360도 회전하는 의자에 앉아 20미터 높이에서 느끼는 연속 4회전의 짜릿함! 몇 명이 탑승하느냐에 따라 스핀 횟수와 강도가 달라져 탈 때마다 다른 재미까지!!',140,0,NULL,'https://mblogthumb-phinf.pstatic.net/20110618_120/fl0621_1308370597679Gx9HR_JPEG/11.jpg?type=w2','https://www.youtube.com/embed/BgxKzVZtTHI?start=60'),(11,2,'허리케인','아메리칸 어드벤쳐','미국 서부 시대 한 마을을 덮친 허리케인...오늘 초대형 폭풍 허리케인과 함께 하나가 된다! 19미터 높이에서 회전하는 메가톤급 회오리 속에 몸을 맡겨 보는거야!!',130,0,NULL,'https://kid.chosun.com/site/data/img_dir/2014/05/29/2014052902620_0.jpg','https://www.youtube.com/embed/hNMXT5ocwAg?start=55'),(12,2,'콜럼버스 대탐험','아메리칸 어드벤쳐','신대륙을 찾아 떠나는 콜롬버스호의 대탐험이 시작된다. 거친 파도에 맞서듯, 33미터 고공에서 75도 경사로 떨어지는 절대 쾌감! 대항해탐험을 함께 떠나봐요~',110,0,NULL,'https://mblogthumb-phinf.pstatic.net/MjAxNzAzMDRfMjQ2/MDAxNDg4NjExODE0MTQy.LUy82z3jSwPBnwptefrsSEgD4rsd7SVsSqN3dxH9wZEg.m49jSYx3rWhCV70KcXn4p9KY1gyr76NHb46T4Hb75tcg.JPEG.ssambo21/DSC_0190_%282%29.JPG?type=w2','https://www.youtube.com/embed/ZBx_Fxyi2Rg?start=90'),(13,3,'LEGO® 팩토리 어드벤처','브릭 스트리트','2022년 6월에 여러분을 찾아갑니다!!! LEGO® 미니 피규어가 된다면 어떤 기분일지 다들 상상해본적 있지 않나요? 아시아 국가 중 오직 LEGOLAND® Korea Resort에서만 가능한 특별한 경험! 지금 바로 쪼꼬미 미니피규어 사이즈가 되어 LEGO®가 탄생하는 여정을 함께 해보아요!',NULL,NULL,NULL,'https://www.legoland.kr/media/lqoh1jz3/532a5901-edit-copy.jpg?anchor=center&mode=crop&format=webp&quality=80&width=360&height=360',NULL),(14,3,'LEGOLAND® 전망대','브릭토피아','LEGOLAND® Korea Resort에 오셨다면 절대 놓칠 수 없는 놀이기구! 약 43m의 높이에서 펼쳐지는 LEGOLAND® 파크 뷰와 신비로운 호수 풍경을 감상해보세요!',NULL,NULL,NULL,'https://www.legoland.kr/media/vbxlnwi4/36_observation-tower.jpg?center=0.35031284017172165,0.49998595660071182&mode=crop&format=webp&quality=80&width=360&height=360',NULL),(15,3,'멍키 클라임','브릭토피아','원숭이 나무에 오신걸 환영합니다! 하늘 끝까지 영차영차 올라가 멋진 Bricktopia의 경치를 감상하세요. 짜릿한 자유 낙하까지 맛보면 어느새 무한반복을 하고 있을꺼에요.',NULL,NULL,NULL,'https://www.legoland.kr/media/poxcy2yu/monkey.jpg?anchor=center&mode=crop&format=webp&quality=80&width=360&height=360',NULL),(16,3,'브릭 파티','브릭토피아','LEGO® 브릭들로 탄생한 멋진 친구들의 파티! 누가 회전목마에서 꼭 말을 타야한다고 했나요? 호랑이, 오토바이, DUPLO® 기린까지 총 출동! 내 최애 LEGO® 를 타고 짜릿한 라이드를 느껴보세요!',NULL,NULL,NULL,'https://www.legoland.kr/media/nx2frsxt/brick-party.jpg?anchor=center&mode=crop&format=webp&quality=80&width=360&height=360',NULL),(17,3,'왕실 호위대','레고 캐슬','낭만적인 중세시대 동화 속으로 빠져볼까요? LEGO® 목마를 타고 다른 기사들에게도 인사하고 깜짝 친구들도 만나보아요! 과연? 숲에는 누가 살고 있는 걸까요?',NULL,NULL,NULL,'https://www.legoland.kr/media/dypfkpjl/screen-shot-2021-11-22-at-10-18-10-am.png?anchor=center&mode=crop&format=webp&quality=80&width=360&height=360',NULL),(18,3,'멀린의 플라잉 머신','레고 캐슬','멀린 마법사는 왕국의 하늘을 방어하기 위해 새로운 장치를 만들었습니다. 하지만 전력을 공급하기 위해서는 당신의 힘이 필요하다는 군요! 승선해서 마법 기계들이 얼마나 높이 날 수 있는지 확인해 보세요!✈️',NULL,NULL,NULL,'https://www.legoland.kr/media/xisbgse0/merlin-s-flying-machines.jpg?anchor=center&mode=crop&format=webp&quality=80&width=360&height=360',NULL),(19,3,'웨이브 레이서','레고 시티','시원한 바람을 느끼면서 당신의 조종 실력을 뽐내주세요. 파도를 타면서 과연 물 폭탄을 피할 수 있을까요? 잘 하든 못 하든 흠뻑 젖는게 그렇게 재밌을 수가 없다구요!',NULL,NULL,NULL,'https://www.legoland.kr/media/1g3jjkwy/screen-shot-2022-07-26-at-4-14-03-pm.png?anchor=center&mode=crop&format=webp&quality=80&width=360&height=360',NULL),(20,3,'LEGO® NINJAGO® 더 라이드','레고 닌자고 월드','닌자고 히어로가 되어서 위대한 파괴자를 무찔러 주세요! 당신의 손 끝에서는 벌써 불, 얼음, 번개, 지구 파워가 뿜어져 나오고 있군요. 자! 시간이 없어요. 어서 4D 라이드를 타고 대모험을 떠나볼까요?',NULL,NULL,NULL,'https://www.legoland.kr/media/4keps4lg/ninjago.jpg?anchor=center&mode=crop&format=webp&quality=80&width=360&height=360',NULL),(21,3,'스플래쉬 배틀','해적의 바다','자! 지금부터 해적들의 바다에서 물총 싸움을 시작하겠습니다. 내 앞에 놓인 물대포를 가지고 구경꾼들과 다른 탑승객들을 향해 물총을 쏘세요!',NULL,NULL,NULL,'https://www.legoland.kr/media/agcb5fkj/%EC%8A%A4%ED%94%8C%EB%9E%98%EC%89%AC-%EB%B0%B0%ED%8B%80.jpg?anchor=center&mode=crop&format=webp&quality=80&width=360&height=360',NULL),(22,4,'빅 선더 마운틴','웨스턴랜드','광산열차가 황야를 급선회, 급하강하면서 폭주합니다',0,0,NULL,'https://media1.tokyodisneyresort.jp/images/adventure/attraction/461_thum_name.jpg?mod=20230131122741','https://www.youtube.com/embed/jR0Hgxvk5fw'),(23,4,'스플래시 마운틴','크리터 컨트리','통나무 보트를 타고 스릴 넘치는 여행!',0,0,NULL,'https://media1.tokyodisneyresort.jp/images/adventure/attraction/351_thum_name.jpg?mod=20230131122827','https://www.youtube.com/embed/o9QwPODQxVo'),(24,4,'비버 브라더스의 카누탐험','크리터 컨트리','모두 함께 카누를 저어 출발!',0,0,NULL,'https://media1.tokyodisneyresort.jp/images/adventure/attraction/481_thum_name.jpg?mod=20230410121954','https://www.youtube.com/embed/ewgzH_ccFfI'),(25,4,'앨리스의 티파티','판타지랜드','빙글빙글 도는 티컵. 이상한 나라의 티타임으로 여러분을 초대합니다!',0,0,NULL,'https://media1.tokyodisneyresort.jp/images/adventure/attraction/1_thum_name.jpg?mod=20230131123028','https://www.youtube.com/embed/Aq-C3pEXZMM'),(26,4,'잇츠 어 스몰월드','판타지랜드','전 세계 어린이들의 노랫소리를 들으며 세상에서 가장 행복한 배 여행을 떠나요.',0,0,NULL,'https://media1.tokyodisneyresort.jp/images/adventure/attraction/11_thum_name.jpg?mod=20230131123118','https://www.youtube.com/embed/_RId7O9ak40'),(27,4,'구피의 페인트&플레이 하우스','툰타운','페인트 분사장치를 사용해서 구피의 방을 재미있게 꾸며봐요!',0,0,NULL,'https://media1.tokyodisneyresort.jp/images/adventure/attraction/181_thum_name.jpg?mod=20230131121411','https://www.youtube.com/embed/qD7oe8siAcU'),(28,6,'드라켄','드라켄벨리','세계 6번째, 국내 최초! 90도 다이브코스터! 63m 높이에서 수직 하강! 2drop까지! 지금껏 느껴볼 수 없던 최강 스릴에 도전하세요!',135,200,NULL,'https://www.hsnews.co.kr/news/photo/201706/80255_43637_5415.jpg','https://www.youtube.com/embed/lXIsa6m3XZo?start=60'),(29,6,'크라크','드라켄벨리','360도 회전하는 메가톤급 스릴 라이드! 거칠게 좌우로 몰아치다가 거꾸로 매달리는 아찔한 스릴을 느껴보세요!',135,200,NULL,'https://d3kxs6kpbh59hp.cloudfront.net/community/COMMUNITY/7c8d082261e44f89936e758f5ad38087/0e9a9be9261b4a90a25ba9e42c811db9_1555724709.png','https://www.youtube.com/embed/6mpdG5P4v_0?start=159'),(30,6,'파에톤','엑스존','그리스 파에톤 신화를 테마로 한 세계 최강의 인버티드 롤러코스터! 초고속 익스트림 스릴을 직접 느껴보세요!',145,200,NULL,'https://t1.daumcdn.net/thumb/R720x0/?fname=http://t1.daumcdn.net/brunch/service/user/2fG8/image/IQaZ8XdFMTPirqXK4bCXecIGgEE.jpg','https://www.youtube.com/embed/ZJaV-d2Y3xM?start=50'),(31,6,'메가드롭','엑스존','지상 70m 하늘에서 떨어지는 기분! 하늘에서 내려다보는 경치와 급하강 할 때 심장 쫄깃한 스릴을 느껴보세요!',140,200,NULL,'https://t1.daumcdn.net/cfile/tistory/99C87E3C5F7FEDA623','https://www.youtube.com/embed/by21f_vftPE?start=45');
/*!40000 ALTER TABLE `rides` ENABLE KEYS */;
UNLOCK TABLES;

--
-- Table structure for table `selected`
--

DROP TABLE IF EXISTS `selected`;
/*!40101 SET @saved_cs_client     = @@character_set_client */;
/*!50503 SET character_set_client = utf8mb4 */;
CREATE TABLE `selected` (
  `selected_id` int NOT NULL AUTO_INCREMENT,
  `amuse_id` int NOT NULL,
  `member_id` varchar(45) NOT NULL,
  PRIMARY KEY (`amuse_id`,`member_id`),
  UNIQUE KEY `selected_id` (`selected_id`),
  KEY `amuse_id` (`amuse_id`),
  KEY `member_id` (`member_id`),
  CONSTRAINT `selected_ibfk_1` FOREIGN KEY (`amuse_id`) REFERENCES `amusement` (`amuse_id`),
  CONSTRAINT `selected_ibfk_2` FOREIGN KEY (`member_id`) REFERENCES `member` (`member_id`)
) ENGINE=InnoDB AUTO_INCREMENT=175 DEFAULT CHARSET=utf8mb4 COLLATE=utf8mb4_0900_ai_ci;
/*!40101 SET character_set_client = @saved_cs_client */;

--
-- Dumping data for table `selected`
--

LOCK TABLES `selected` WRITE;
/*!40000 ALTER TABLE `selected` DISABLE KEYS */;
INSERT INTO `selected` VALUES (77,7,'kim'),(90,4,'kim'),(100,1,'kim'),(170,6,'qwer1234'),(171,14,'qwer1234'),(174,2,'hong1');
/*!40000 ALTER TABLE `selected` ENABLE KEYS */;
UNLOCK TABLES;

--
-- Table structure for table `ticket`
--

DROP TABLE IF EXISTS `ticket`;
/*!40101 SET @saved_cs_client     = @@character_set_client */;
/*!50503 SET character_set_client = utf8mb4 */;
CREATE TABLE `ticket` (
  `ticket_id` int NOT NULL AUTO_INCREMENT,
  `promotion_id` int NOT NULL,
  `ticket_name` varchar(50) NOT NULL,
  `ticket_price` int NOT NULL,
  PRIMARY KEY (`ticket_id`),
  KEY `fk_promotion_ticket_id` (`promotion_id`),
  CONSTRAINT `fk_promotion_ticket_id` FOREIGN KEY (`promotion_id`) REFERENCES `promotion` (`promotion_id`)
) ENGINE=InnoDB AUTO_INCREMENT=16 DEFAULT CHARSET=utf8mb4 COLLATE=utf8mb4_0900_ai_ci;
/*!40101 SET character_set_client = @saved_cs_client */;

--
-- Dumping data for table `ticket`
--

LOCK TABLES `ticket` WRITE;
/*!40000 ALTER TABLE `ticket` DISABLE KEYS */;
INSERT INTO `ticket` VALUES (1,1,'성인용',99000),(2,1,'청소년용',69000),(3,1,'유아용',39000),(4,2,'성인 종일',62000),(5,2,'청소년 종일',54000),(6,2,'어린이 종일',47000),(7,3,'성인 종일',62000),(8,3,'청소년 종일',48000),(9,3,'어린이 종일',36000),(10,4,'입장권',77000),(11,4,'65세 이상',70000),(12,4,'어린이(4~11세)',50000);
/*!40000 ALTER TABLE `ticket` ENABLE KEYS */;
UNLOCK TABLES;

--
-- Dumping routines for database 'excitingamusement_spring'
--
/*!40103 SET TIME_ZONE=@OLD_TIME_ZONE */;

/*!40101 SET SQL_MODE=@OLD_SQL_MODE */;
/*!40014 SET FOREIGN_KEY_CHECKS=@OLD_FOREIGN_KEY_CHECKS */;
/*!40014 SET UNIQUE_CHECKS=@OLD_UNIQUE_CHECKS */;
/*!40101 SET CHARACTER_SET_CLIENT=@OLD_CHARACTER_SET_CLIENT */;
/*!40101 SET CHARACTER_SET_RESULTS=@OLD_CHARACTER_SET_RESULTS */;
/*!40101 SET COLLATION_CONNECTION=@OLD_COLLATION_CONNECTION */;
/*!40111 SET SQL_NOTES=@OLD_SQL_NOTES */;

-- Dump completed on 2023-11-11 18:13:49
